month,product,region,sales,profit_margin,customer_satisfaction
Apr,Product B,East,1024.5488075642695,0.3127962485417829,4.5604827302900315
May,Product A,South,970.3331040426572,0.15019639120031814,2.7041469283742687
Mar,Product B,West,1275.7229448963305,0.3341895152276672,3.270572924870109
May,Product B,South,912.9176367434046,0.27513183415423353,3.9734888826049866
May,Product C,South,1080.2176942215708,0.38566653570927845,3.959312202287339
Feb,Product D,North,1096.5093418588042,0.11272668946206751,3.2324184516649557
Mar,Product D,North,799.5728639070853,0.1795978412666401,4.511182983481747
Mar,Product B,West,1297.612704860957,0.28046616378994726,4.40117888715241
Mar,Product C,East,947.5120729913774,0.18896797366177923,4.044584694417185
May,Product B,South,773.2764521521466,0.3143272492213727,3.5953667998733096
Apr,Product B,West,1160.952953071121,0.32770158475657934,5.0
Mar,Product B,North,730.4596054626888,0.13075478921994235,5.0
Jun,Product C,South,1008.4543472107384,0.25415633926203035,3.8131508129227707
May,Product D,East,997.264301006739,0.2526671666773168,3.7102664662761438
Feb,Product C,North,1325.7686697494735,0.21078423106466235,4.592966132329598
Apr,Product A,North,1142.4094698639858,0.3798774587709017,3.913576496202411
Jun,Product C,North,992.4919123764569,0.34825189596196643,4.088482239469413
Jun,Product C,West,1245.3298897600862,0.3091628145728911,4.791722521379738
Feb,Product C,East,1417.062264705194,0.3142979907204993,2.672515129994166
Apr,Product C,South,1167.3430919055586,0.23851484314393576,5.0
May,Product D,West,1003.1057859530142,0.3762983563289728,4.258144419463473
Jan,Product A,West,606.4491302949522,0.30837862817598566,3.870805484350256
Apr,Product D,West,680.4659010773883,0.31869431849674495,4.128612676622841
Feb,Product D,North,908.4325886935997,0.3585072711362036,4.169943484016415
Jun,Product C,East,817.146339352215,0.18222147680265732,2.81503895724406
May,Product B,West,943.9086091043662,0.34212127116001095,5.0
Apr,Product B,South,1016.9949774691321,0.15857218088694763,4.2330605058164945
Jan,Product D,East,1158.9078263070191,0.20360258567346637,4.5544017043579
Jan,Product D,South,978.8503665822726,0.20068313628095283,4.961239816459234
Mar,Product C,East,1145.9504931478605,0.3935576405167422,3.3830700339517596
Mar,Product D,South,1019.3423244430361,0.3569611671243781,4.578777519228183
Feb,Product C,North,407.3600300938386,0.31035095847707794,3.9858871272809653
Apr,Product B,West,718.1993818543737,0.3181170284846171,4.877416620173195
Apr,Product B,South,956.7737332835154,0.26862183832077136,2.4982180637188036
Jun,Product A,East,637.0915771476677,0.38412720013255575,4.120724559806985
Jun,Product B,West,1179.9786189988613,0.2488776258647085,3.717743475372831
Jun,Product D,West,1459.2252497031093,0.21415531296096837,4.545810360507325
Mar,Product B,East,1365.628555509195,0.14891060107947732,4.576035349894562
Apr,Product C,South,935.9671387209376,0.3358616956783174,3.6338992841423794
Apr,Product B,North,1447.2178410549857,0.3203331796226775,3.630260908659165
Jan,Product A,North,1044.6002371606335,0.21530651155724048,4.111467705154136
Mar,Product B,South,898.8742086645881,0.10755802418776882,3.4826862181478337
May,Product C,West,815.979200937718,0.35169919831540325,4.873586956361701
Mar,Product C,West,909.2590940535615,0.1034253950362221,3.9046342396420433
May,Product D,West,883.5469544376314,0.31110993388871533,1.874409424542687
Jan,Product B,West,1051.1248667126463,0.39107713291781715,3.900142354702555
Feb,Product C,South,1048.1721943149594,0.23129839844446107,3.3691649433248223
Apr,Product A,West,1000.9138060460243,0.17049202149878584,2.8949793476312435
Jan,Product D,East,1131.0814509239049,0.31146130301301456,3.2100586894219423
Apr,Product A,West,1357.1938824359024,0.3451384426046756,4.287526777466376
Jun,Product B,North,1284.8662406323972,0.26392909482335425,5.0
Feb,Product B,West,554.530609465029,0.3901105825768439,4.450547579091984
Feb,Product B,South,233.82365952941356,0.11550061649738834,3.714797289427408
Jan,Product D,North,1280.295973371782,0.25143867949135845,4.564723356136563
Feb,Product C,South,589.9363904753736,0.31553618419676505,3.8327277518248066
May,Product D,South,932.570379432195,0.35879214134475373,3.6443197046694844
Feb,Product A,North,648.9660921821921,0.15377668357233704,3.2765098654136127
Apr,Product D,South,459.4058687259941,0.34000104452910446,2.798536954598625
Apr,Product A,South,1162.4388184614363,0.2658121227155636,3.888061034752444
Apr,Product D,West,1227.746548090794,0.21896610459698898,4.326442791936105
Apr,Product C,East,827.0468797819842,0.13951450857372807,4.122701063988089
May,Product A,South,222.68731235652703,0.35958872767267375,3.867226457642113
Mar,Product B,South,836.1266655242551,0.14718196245391463,3.4434031514425754
Jun,Product B,South,1117.541201620764,0.1929363577627298,4.686596953347975
Jan,Product D,West,556.3265293677614,0.1870136595887311,3.146294464042732
Apr,Product B,East,1055.0079759337466,0.36142421025725635,4.820822331074781
Feb,Product A,North,995.4070452481013,0.30181089826266944,3.3982263848586203
Apr,Product B,West,1173.7874498803264,0.33900441915741175,3.598051810117572
Feb,Product C,West,1035.874110524246,0.1751403696377497,3.0265718475074586
Jun,Product C,East,708.0793177355333,0.2874622298820997,3.798878282491491
Jun,Product D,East,1358.9714504993474,0.2715237949431246,4.980249966782384
Jun,Product A,West,952.441128091909,0.34984911303648136,4.612502470755166
Feb,Product C,North,991.8086381470205,0.3718261181443782,4.982737689622429
Apr,Product C,West,720.0196122780412,0.10364703144321605,4.617714036747149
Jun,Product A,East,867.015324642547,0.30220597571763785,3.317064137175705
May,Product B,North,734.5591857919297,0.11555073973591871,3.9353686205379543
Feb,Product B,East,948.1161820229731,0.26465759952320683,3.57584069670603
Feb,Product D,North,1513.5125440427032,0.1862898187131035,5.0
Apr,Product B,South,588.4296571205931,0.1920329798566424,3.242569082858951
Feb,Product A,East,515.9315806369776,0.205887551035707,4.914958151511289
Feb,Product C,East,1441.3510982480825,0.28638773471488305,4.9143630960870155
Jun,Product B,West,937.2028968544402,0.20021498970063079,5.0
Apr,Product D,East,799.278178402025,0.3198097151770842,3.8722507258964023
Jun,Product B,East,1311.971406218823,0.22135821567216094,4.76985772766413
Jun,Product A,South,818.3153380789407,0.1205059600929876,5.0
Apr,Product D,East,1547.8029140640808,0.3351279527452322,3.7058866584530428
Jan,Product B,South,1203.3777614017806,0.18572749737781183,2.9719678019741123
Jun,Product D,South,853.6265775562892,0.2298300638797788,2.6959919728737893
May,Product A,South,1647.192463979651,0.3056331649665705,4.770169623089065
May,Product C,South,818.2855230989985,0.19973684714461362,2.693479833553133
Feb,Product A,North,1222.628611602792,0.1169756968440147,3.902144757649662
May,Product A,West,1089.7877741219477,0.2121763141038441,4.549850549631169
Feb,Product A,North,1390.5223868196395,0.3833345748082911,4.348140429463932
Jan,Product A,East,1468.4533590180558,0.2925203191895675,4.540355891347338
Apr,Product C,North,1009.60124471973,0.3014437446001621,4.377831884640684
Apr,Product C,North,773.9746388961449,0.28968464609129196,5.0
Apr,Product D,East,1137.9916428817348,0.15969764168783104,3.4381468954089627
May,Product B,East,796.6853890743681,0.22550015923068406,3.658403889233175
Jan,Product C,East,1604.016174257987,0.32528193950899553,3.581872443783341
May,Product C,North,1040.9605993248213,0.13041186926594775,4.864153449490089
May,Product B,North,890.4035346063674,0.1833558328269137,4.920318870716051
Jan,Product C,East,1055.4040917594725,0.1828957325397561,4.5609802554548065
Jan,Product A,West,595.8621131410911,0.22960567827835182,5.0
Jan,Product A,West,708.5157884468045,0.3941106222826556,3.2575673060988954
Jan,Product B,South,1360.1241723833275,0.12025076400514659,5.0
Apr,Product D,East,802.9317163085813,0.25561029831417853,5.0
Mar,Product D,South,685.9267051954181,0.15380940460366316,4.788497597796598
Mar,Product B,West,1160.995825758186,0.3912029636229233,5.0
Jan,Product B,South,1355.711246398899,0.13399105141823928,2.874701433857781
Mar,Product A,East,1215.68599319952,0.2210803007084774,3.7804414909898787
Mar,Product D,East,1298.8143057417449,0.3213654954503819,3.611757231454438
Jan,Product C,East,772.9614734291617,0.31136632840823364,4.777183459005875
Mar,Product A,North,573.4567999774468,0.2268185910681797,3.3598874083182837
May,Product B,South,1450.400095586646,0.2039572503858155,4.805996119469989
Feb,Product D,West,903.1960483473592,0.21928371356586118,5.0
Feb,Product C,West,924.7500950634858,0.1792828789475918,4.7561623200672
Jan,Product C,West,1398.4582425547173,0.16159988161203995,4.427000818929201
Apr,Product A,North,1166.869002820198,0.244911909267667,3.409701327279401
Jan,Product D,North,1136.7663316244823,0.18056012682028222,3.5225192270997083
Apr,Product D,East,1649.500703470325,0.18623849946917506,5.0
Feb,Product B,West,806.9445308859571,0.29702681904236716,4.823479203124266
Jan,Product D,North,1278.3520384243711,0.3905611995099677,4.168784384497965
Jun,Product D,East,1017.1039374691254,0.28109116016781255,3.865672363387288
May,Product A,West,1080.5776836589773,0.12309384011948989,2.5793537015108985
Mar,Product D,South,1458.5405279237596,0.1226750841562201,3.343318065052449
Apr,Product C,East,1152.350726886887,0.38542696625366984,5.0
Jun,Product A,North,1161.4888237148898,0.18918723709220012,3.1756355431980268
Mar,Product A,North,1321.7522011929407,0.12762009582474265,4.351583856976864
Mar,Product B,East,890.5141811371344,0.2797133761451145,5.0
Jan,Product D,East,748.2370997982981,0.28709463348707986,3.1960618655981663
Mar,Product B,North,686.55724179369,0.29455144603560646,4.347768379824867
May,Product C,South,410.0930231871995,0.18022060835726242,4.950332430008524
Jun,Product A,West,1616.8621389820967,0.10453320526434251,4.2099994575258
Mar,Product A,South,669.0374902834951,0.3895046108363416,5.0
Jan,Product A,East,933.6239129242684,0.17526791370733077,2.8651205928974437
May,Product C,South,916.9560100333238,0.3028078864157643,5.0
Feb,Product C,North,1092.2220093427302,0.3119889609636129,4.061758610082829
Jun,Product B,East,1244.721163761789,0.28300222512384576,4.81753612386934
Mar,Product B,West,1258.1420465079236,0.19387221826409448,4.553045721359397
Jan,Product B,North,825.0767684293185,0.18132887612921975,3.613475042312003
Feb,Product D,North,949.8634858640766,0.279300484810811,4.383197113967473
Feb,Product A,West,1084.7739851464898,0.3598286900835075,2.7136788388813704
Apr,Product A,West,925.3926621449359,0.38402011867701874,4.682598000457115
May,Product B,South,1482.2036728059977,0.1317717413211273,4.438526772792421
Mar,Product A,East,1147.2924854914754,0.14644858377931597,4.710928134914482
Jan,Product B,West,1220.4633358149451,0.38342087763492394,5.0
Apr,Product D,West,1198.8643806002237,0.3209605685004378,4.494095872167769
May,Product D,East,1352.0421572455975,0.36489814744893195,4.318471535838621
Apr,Product C,West,1054.306467611112,0.16078979024060297,3.4951453306709666
Jun,Product D,West,610.950415613246,0.2762757613328206,3.6302233890807596
May,Product B,South,1119.9063855257925,0.3103418783252421,5.0
May,Product D,North,804.5929318624513,0.30403356563409184,5.0
Mar,Product C,North,841.4149954750729,0.22244550726000945,4.0095116509503566
May,Product A,North,1175.9092056265279,0.10461846750739255,4.23680219780262
Apr,Product B,North,1371.4849214300907,0.27487781704127895,3.476308500004987
May,Product A,West,1006.3814730208185,0.17593046175388263,5.0
Mar,Product C,East,1092.649903779689,0.23507627384286714,4.732333458953423
Mar,Product C,East,1510.6644833905714,0.3872743045251452,5.0
Jun,Product C,South,1072.2259538465705,0.21971059529273043,3.497341538256209
Apr,Product A,South,1780.5049342541186,0.35194048199932804,3.8975936807854263
Feb,Product A,West,1169.6528936894633,0.15656218172477535,4.385156738020458
Feb,Product A,East,471.7711722532547,0.3017381494075087,4.717191630180617
May,Product A,East,1226.0024863313597,0.3931020863316831,4.027465889961895
Jun,Product C,North,1114.3475154648334,0.13056793026188104,3.5016311276370398
Jan,Product C,West,1386.9258262248238,0.10249598266815761,4.905126023138857
May,Product B,West,1201.9544053809875,0.23007483778978433,4.776908290036466
Jun,Product B,North,958.4632048048678,0.12778764491541017,3.4669807195490203
Apr,Product A,West,632.7105291131903,0.32451530490286945,5.0
Apr,Product D,West,937.2930228141925,0.3743645991545677,5.0
Apr,Product D,South,744.8438637372101,0.23020629181262767,4.307437197798235
Apr,Product C,East,825.8429650585832,0.17761349264663231,4.263678289900829
Apr,Product C,West,1176.5735213261828,0.23032099570198294,4.6432462168927255
Jun,Product C,South,1500.9713513054219,0.31703434535500036,3.5106375437949935
Jun,Product B,East,1118.4014589468943,0.1027162484741113,4.224025183331266
Mar,Product B,North,641.2350813894446,0.27683619684540917,2.478093164312656
Feb,Product C,South,1133.3808004660423,0.28398750546621376,4.901164516402349
Apr,Product C,South,1358.9894459936954,0.2913064740687807,2.9508054220465127
Jan,Product C,East,817.0651287041853,0.1726066239942632,5.0
Jun,Product D,North,959.7948499981247,0.31421581701343804,3.9359039248268397
Jan,Product B,South,1004.4064584187591,0.12741744589953294,4.030666414455059
Jan,Product D,West,764.530506075328,0.15978110094004025,3.6978128751323958
Jan,Product D,West,1194.4841301531578,0.3632410139963446,3.969568900862339
Mar,Product C,West,963.7155554176655,0.32161694521796996,5.0
Jun,Product C,North,1125.8597331721082,0.10412366620340358,2.2097530747719367
Jan,Product A,South,733.75234665937,0.17451287811094007,5.0
Apr,Product A,West,868.7625099029768,0.16432194489794938,4.470418784881367
May,Product D,North,1216.7144073483314,0.18124189841109178,3.234382681714228
Jan,Product B,West,888.1500543724699,0.17426793108396593,3.3397500855606097
Mar,Product C,East,1518.0891553700214,0.11875788872285373,5.0
Jun,Product C,South,880.1091443156193,0.23768215497904613,3.443594496045815
Mar,Product D,South,1067.4054177255657,0.31982004243584955,3.2773195915232325
Jan,Product A,North,1279.777249561927,0.28201951741523096,5.0
Jun,Product B,North,574.4902801200905,0.30186150057942396,4.470842301028732
May,Product A,South,471.7573564057672,0.12434475356087175,3.4496595387708813
Jan,Product A,West,542.3031056289716,0.3854472130530362,4.373299980323695
Mar,Product A,West,1378.7752310281546,0.3515475501529075,3.379397853087778
Feb,Product A,East,834.4425562322659,0.34152709554869887,5.0
Apr,Product C,West,1767.4597857004758,0.3468951415125303,5.0
Mar,Product C,North,830.7257204027834,0.37981315243982844,4.625604959057554
Jun,Product A,North,1055.365390959111,0.26327618983410933,4.489328848997613
Jan,Product B,West,1462.6329857703627,0.1600846053602878,5.0
Apr,Product D,North,1601.8278664477368,0.28503508235576236,4.19974906191058
Jan,Product B,South,1618.4510729909193,0.32286444810038173,3.254500699663359
Jun,Product B,South,1362.5098691779426,0.32137521800620766,4.5595791302658455
Jan,Product B,West,1307.2187577434388,0.25643470725006406,5.0
Feb,Product A,South,1177.758084760355,0.12053761580007342,3.3881924054513184
Apr,Product C,South,1233.5083228499914,0.21133388152903837,3.9108297866448116
Apr,Product B,East,834.64428510144,0.37622998253900725,4.533156830481162
Jun,Product A,East,754.5403349733078,0.27533467292722785,4.156876120795409
Feb,Product B,South,998.9876627767144,0.26149958297671405,3.414157135698148
Mar,Product B,West,948.9446132425214,0.18065605431465806,5.0
Jan,Product A,East,864.0315852018174,0.2105346759749737,5.0
May,Product C,North,1208.9162342370146,0.3686038267459508,4.356905167219126
Jan,Product C,North,1286.5915625711532,0.29993891425805075,3.4767453682111995
Jan,Product D,North,1026.5220658875542,0.3362161080256999,2.9608315799572202
Mar,Product A,West,1443.2590243165785,0.23630362692029658,4.406380784976945
Jan,Product D,South,657.4932657599485,0.2890741658368474,5.0
Feb,Product D,North,941.9021622160845,0.17451508262296228,4.580134197196306
Feb,Product D,West,784.9533038191586,0.3116382490850459,4.198076927264917
Apr,Product C,East,440.039014878082,0.2282804001110012,3.7285826785685554
Jun,Product A,South,975.1957942471902,0.2327636544444237,3.326269093825528
May,Product D,East,963.475747485015,0.2947966973730645,4.867801061059906
Jan,Product A,West,1454.0349229726394,0.38088418644067806,4.931017297108469
Jan,Product A,North,1189.2435053664333,0.11920190398258629,2.9634161706474136
Mar,Product C,North,692.7439527012385,0.3474229712041023,5.0
Jun,Product D,West,1556.2277699002566,0.18771493312365795,4.659256976715201
Feb,Product D,North,1366.310108657606,0.23317583635191338,5.0
May,Product A,South,1174.6293110405848,0.10657399863250269,3.126297801211908
Apr,Product B,West,932.0547703450504,0.19031382335029393,3.107340675667649
Feb,Product C,East,712.1682289829562,0.2507893727890392,4.080824552186162
Jun,Product C,West,888.3379671786842,0.11685282320423171,4.6022275415161555
Apr,Product C,South,1326.6245859112557,0.24732871881494958,5.0
Mar,Product C,South,1565.3758917803825,0.37813318865752826,4.764863131052105
Mar,Product D,West,1462.9730584816566,0.13161796543234158,4.005854978550373
Jan,Product D,West,853.3451734641178,0.32933221842265137,3.3789046338672866
Jun,Product B,North,664.1147700132966,0.2229013160127978,5.0
May,Product C,South,1042.2658740733611,0.29655211435730144,3.4282356593994283
Apr,Product C,West,469.4681903311445,0.17807097939556882,5.0
Feb,Product A,West,1096.9503142554345,0.1478476787624075,3.9724922803147926
Jun,Product D,South,955.7192241103994,0.14813878428136795,5.0
Jun,Product C,West,860.1890494395274,0.1211475836929434,4.743145032047423
Mar,Product B,North,521.5890798199614,0.15569401147037293,4.090403608446033
Jan,Product B,South,1154.080031970915,0.2992658154966905,3.7844829025390987
Jan,Product D,North,840.1897481014266,0.36450718355305245,3.927273698123136
Apr,Product B,North,649.0249492869136,0.34423770567734857,4.5426533539001905
Mar,Product B,North,138.3213360155052,0.30554029296234525,4.261725196974173
Jun,Product D,North,991.7455284848091,0.13312955902333082,3.724950873545036
May,Product C,South,1531.6754790009231,0.18675623388878496,4.067494871745894
Mar,Product C,North,1498.377764364361,0.1929420625967407,4.26286162377532
Apr,Product B,North,862.8711230241184,0.17498708391928638,2.4970127244681506
Apr,Product B,West,819.3363818914659,0.254501697912917,4.566534491830959
Mar,Product C,South,1140.632276822507,0.2606661444639018,3.4162230202265547
Apr,Product D,South,700.4843682435126,0.2070657925513331,3.277334077435404
Mar,Product B,East,1090.5375699458398,0.20613674762093082,2.850124522311432
Feb,Product A,South,1229.824083515407,0.34856667937182445,2.7648860017056878
Mar,Product D,South,1368.0799671652924,0.3367878544959057,3.115641997510169
Mar,Product B,East,969.9537770560141,0.19233874950422372,3.6327832338956076
Apr,Product B,South,938.8978749469103,0.3741365331619778,5.0
Apr,Product A,South,736.6052239730317,0.38584450510075186,3.779296259283837
Jan,Product A,South,751.935893788042,0.19802276260901228,4.342200085014425
Jan,Product C,South,932.056332429542,0.20632748463791648,4.520385109205063
Feb,Product D,East,1110.2096520448533,0.2516902460265877,4.304852148972679
Jan,Product D,South,1274.0753878699747,0.3823362437601021,4.1380452314192055
Mar,Product C,South,759.0463147958966,0.3628958299426935,3.243764989120604
Apr,Product D,East,1447.8065706878565,0.13077038877507696,5.0
Jan,Product D,West,918.6629196872294,0.2178192229814249,5.0
Jan,Product D,North,993.5898116954692,0.2660113569249316,2.8538730447018517
Feb,Product D,West,775.836496255653,0.250939741765462,3.3807771272908966
Jun,Product D,East,272.72792191811754,0.15815892038106782,3.9761517260983954
Feb,Product A,North,1265.2136189083149,0.35764503135044645,3.428369764071847
Mar,Product D,East,1221.05316912773,0.30308223489905123,4.604772442764692
Apr,Product A,East,915.601732864536,0.35137251245554113,3.61738223807471
Feb,Product D,South,1020.0972151674616,0.3576292838048417,5.0
Jan,Product C,North,1154.78176531123,0.32450675609972196,5.0
Apr,Product B,South,531.2362429340373,0.23176318037491522,4.370059224505772
Apr,Product A,North,841.2841967961116,0.2831640265046274,5.0
Jan,Product D,East,1238.2794038865482,0.14810962183592297,5.0
Feb,Product C,East,623.7131730492251,0.30209362524247235,3.7488420095534054
Jan,Product B,West,1088.0673796499889,0.15377597672178422,3.5470262043664285
Jun,Product A,North,593.0254586129785,0.3081848771530471,4.262514450375718
Apr,Product B,South,1139.9289947300579,0.1688794482261906,4.889308899598356
May,Product C,West,989.3075553107549,0.135265390045066,4.311248318922734
May,Product A,West,515.4604552283472,0.14958534704288723,2.9384028142472025
Mar,Product B,West,1349.4218063371513,0.10059764056572108,3.557740444839326
Jan,Product D,South,779.6225269605853,0.3156218853560591,4.140821709124498
Jan,Product A,West,756.9242688956857,0.3197203147175138,4.1394675165393355
Mar,Product B,South,1060.1707591692827,0.2544800049739779,5.0
Mar,Product C,West,1344.5912048286145,0.1484088403166151,3.091209646080802
Mar,Product C,South,695.2534543064809,0.12506630125320695,4.6044713934687
Apr,Product A,East,1018.5039549543915,0.10573868993118611,5.0
Jun,Product B,East,1128.6449500991719,0.14972445308956622,5.0
Jan,Product A,East,1207.9316821789432,0.36725666049494404,3.876482061452831
Apr,Product A,East,1052.9324665831675,0.17246105251050456,4.59314356217616
Mar,Product B,East,889.8916482750033,0.20628139816516472,4.655808285758917
Jan,Product B,West,751.7229338053841,0.13160364534439997,4.356385385242633
Apr,Product D,West,1025.8431649139125,0.1667083914244511,4.120923839008555
Jun,Product B,West,678.3582964043179,0.25576737123406157,4.548780311600037
Apr,Product C,South,123.59485495161779,0.2823258049286958,2.174203131824252
Jun,Product A,South,1130.9679412473004,0.17360569424986333,4.745655592050105
Mar,Product A,South,1271.1804523258586,0.11731964776753517,4.300942322929574
Jun,Product C,South,291.12026933744846,0.21730986073821962,4.022020082577388
Jan,Product B,East,697.0807885870188,0.17026101127790025,5.0
Mar,Product C,East,1185.7462783015594,0.1658661769689406,3.6600527849675584
Jan,Product C,East,1617.2486409135097,0.38795884081403664,3.8775392087479754
May,Product D,North,1006.2381123026223,0.28489014577771726,5.0
Feb,Product C,West,781.5991176312598,0.2670635329516288,3.534350956120115
Jun,Product A,South,945.131067668548,0.2247325310569966,3.759907773650769
Feb,Product C,South,1412.4629257444553,0.2286833000290433,4.08237966125532
Feb,Product A,East,806.2107462626394,0.2622715011514243,4.87258758570364
Jun,Product A,South,760.2423980049239,0.3089289421108322,4.3662420058826505
Mar,Product A,South,855.1769433453903,0.3106438288545489,3.16589972227819
May,Product B,West,714.0014175223863,0.15150817231163488,3.7742651494982487
Jan,Product D,East,1036.8010947984387,0.25003382562298815,3.714116453430231
Apr,Product A,West,1487.4035375408682,0.2235874285102306,4.138223163821563
Jan,Product A,North,1096.9237819348086,0.3611580898808153,4.540674926903863
Apr,Product B,North,924.2939493621137,0.289425676365513,4.534564604710378
Jan,Product A,North,912.4566193253368,0.25975121992479455,2.7791905967612784
Jun,Product C,East,531.0427573910029,0.13461839265367523,5.0
May,Product C,South,1264.9329331441477,0.28169136679702345,4.402055076797299
Apr,Product D,East,976.6488408961594,0.13516117170407005,5.0
Mar,Product A,East,945.8560259228123,0.20116197266972563,4.555358661832538
Jan,Product B,South,1957.9322703534583,0.14285258944429957,5.0
Jan,Product C,West,1089.625872509706,0.30762209410731073,4.573236249160102
Apr,Product B,North,774.4626849714447,0.1618756341508458,5.0
Mar,Product B,West,872.092721138337,0.21755781195640783,4.617800508814223
Mar,Product C,North,1344.5337127590265,0.3687024332856336,4.121667802845677
Jun,Product B,East,1033.9811231613294,0.1612949150196911,5.0
Jun,Product C,North,568.5166065047899,0.25234151918763376,4.911229697823914
Jun,Product B,East,1275.768680372561,0.22578149834980663,4.6589955368035305
Jun,Product C,West,799.5567743383018,0.10543721231371893,3.1789564667693315
Jun,Product A,East,1561.9893328652636,0.3378274340718439,3.16935390602917
Jun,Product D,West,1324.0144197143945,0.12071377189437993,4.434172385713483
May,Product C,South,865.8034313023746,0.2422765062930861,4.316416958214593
Mar,Product C,South,1384.304908520534,0.268203488481685,3.7087019479933474
Jun,Product D,South,1020.356653158221,0.2885279369843762,4.312786159689648
Mar,Product C,East,1255.8321025366658,0.3065894887923627,5.0
Mar,Product C,South,1145.4198451883424,0.17598171505681454,4.756321979640239
Feb,Product B,North,746.0930035027379,0.10299363299753482,3.2871931921978095
May,Product D,West,806.9350503047615,0.3170330987064736,4.110792938285646
Jun,Product A,West,1308.9882452743484,0.2606969798042736,3.5560268153179515
Jan,Product C,North,899.5674003680377,0.3508353109621747,3.8898400668731514
Apr,Product D,East,878.905461027401,0.3464165088702083,3.8691074674962858
Jan,Product B,East,713.4632261951941,0.352997850336365,3.817883533916796
May,Product A,West,1127.0797196780384,0.24552839799386209,3.1958917024212843
Apr,Product D,South,1618.7574757729435,0.2000885187510597,4.097876254785448
May,Product A,East,679.7401257237182,0.337467460777411,3.7515138905221526
Mar,Product A,East,1007.2658370018274,0.2353882339087765,1.8564410479981857
Apr,Product A,North,1423.6661666246287,0.15503265892103035,5.0
Mar,Product C,North,976.1075826262854,0.3564922058684423,5.0
Jan,Product C,South,1135.7115388749203,0.3647679630317042,3.8989594200600033
Jan,Product B,East,681.2819415559361,0.23989292684205107,4.215055239792479
Apr,Product B,East,1128.4921291622945,0.12270991819293625,3.262676522145951
Apr,Product D,North,943.8567204986354,0.2163478269750794,5.0
Jun,Product B,East,1295.718998703959,0.34106129783878103,5.0
May,Product A,West,1356.2158154694253,0.37053220856386865,4.3253549825972195
Jun,Product A,North,1776.869092605584,0.16104182274927878,5.0
May,Product C,South,1173.8899519640727,0.12009208360758146,4.340229423147139
Jun,Product A,North,1097.7388949746498,0.36320513593985165,3.1306196488992555
Mar,Product D,East,1058.3152904732008,0.2168214816936626,3.870541304829074
Apr,Product A,South,894.0501121567935,0.262528289280269,4.305542373417566
Jan,Product A,North,1101.5451530385074,0.39041974361522774,3.8363618250052447
May,Product D,West,911.3795769582912,0.11996941837426686,4.0250773780519715
May,Product B,West,1050.5382928808842,0.2944954022356287,4.126880353992708
Jan,Product B,North,1395.279260682388,0.12223162677246013,4.135297201707631
Jun,Product D,West,698.0372304161076,0.21264067853995014,4.241806792397987
May,Product C,West,1341.9635683387137,0.34114436355803407,3.3515159468827194
Mar,Product A,West,1395.1345202019595,0.23004166982669033,3.626387080697651
Apr,Product D,South,964.5794419026764,0.39915470617088517,3.1723325874400246
Jan,Product A,West,363.4435302974216,0.2677177854839807,4.982252439748961
Apr,Product C,West,817.6534038716702,0.19634864579078606,2.5154824465277406
May,Product A,West,1389.0983639683327,0.16603339777142595,5.0
May,Product D,South,993.1395813103354,0.20515616028584857,5.0
Jan,Product A,North,700.2093303115267,0.21175998212786526,3.958255530413903
Mar,Product B,East,848.5675236315348,0.1206141033171883,2.1174903297381613
Feb,Product C,West,1252.1860079513658,0.21087225982803198,3.9109515504261676
Jan,Product C,North,1164.0200704604138,0.2392715559217675,4.148652670968945
Feb,Product C,West,928.3203702490916,0.31682132567164145,3.391521424056869
Jun,Product D,South,889.9526764555936,0.29701884541648244,3.787825284953406
Feb,Product C,North,882.4725552868534,0.3126296965687463,5.0
Mar,Product B,South,723.2769446504492,0.10250910456305713,4.731941729841393
Jun,Product D,West,1484.6127068408325,0.16530021987416083,3.4603487084975204
Feb,Product B,West,903.303859236598,0.298505286519957,2.9219206643236544
Jun,Product A,South,1365.147556247649,0.24519681045392416,3.9383861459121836
Feb,Product A,East,1456.3948155767355,0.10159404270050379,4.02923457651965
Mar,Product A,South,1299.493269444388,0.34134839272954676,4.596959349890653
Feb,Product A,West,870.5139061845855,0.3318428719871013,3.771746629945873
Feb,Product B,South,1121.1190271009827,0.26452574889806885,4.609199660289489
Feb,Product D,East,992.7413180827251,0.11993899773288165,5.0
Jan,Product D,South,728.8894417809615,0.32995451485977545,4.85240081795541
Jan,Product C,East,1097.307784516481,0.2751140763194092,4.161529194135382
Jan,Product B,East,646.2880626520592,0.3345879931473878,4.053479623157364
Mar,Product A,South,1356.3038165384692,0.3255240977187522,3.914661492656103
Jun,Product B,South,860.614810810482,0.3409006215873512,5.0
May,Product C,North,1060.3478967618519,0.25540241992138746,3.698149243238958
Feb,Product C,West,1084.9863614638427,0.14209735545805452,4.236178167199986
Feb,Product B,East,922.3285078887768,0.3013472420139066,4.240958321504868
Mar,Product B,North,1176.0081404425823,0.2861421355155912,3.7985726457507747
Feb,Product B,South,857.5289030132427,0.32267595615972616,3.102027561692719
Jan,Product D,West,1261.3891892371732,0.1509643018152206,4.458379602894135
May,Product A,North,596.2060959259754,0.1584925599700868,4.151196822515693
Apr,Product B,East,1037.9138738639235,0.36712285516579857,4.600192375549256
Feb,Product B,North,1581.6786997174854,0.32499333953562126,3.7731197548486666
Jan,Product B,East,699.9006026183276,0.37246854661009693,5.0
Apr,Product C,South,796.6765088425445,0.3276145963491763,3.4985809750305243
May,Product C,West,1154.1723548976745,0.2791465917970906,5.0
Apr,Product D,West,1053.8745345818793,0.2962398211083621,2.801890792137391
Jan,Product A,West,1105.1890297820678,0.36673837718200303,4.547816051645513
Jun,Product D,South,1146.756139044299,0.2736420263535822,4.580344546021299
Jun,Product A,East,1190.416440568531,0.28971739729851625,3.5635543456472942
Apr,Product C,South,1332.909952586867,0.14694301480108019,4.5395151502888105
Mar,Product C,West,1122.9455970785539,0.24217636603483084,5.0
Apr,Product C,South,927.6227036144372,0.31491913358742973,2.4265449285167486
Feb,Product D,South,1201.7721103608194,0.18128280949490963,4.602195845992652
Feb,Product B,South,1569.9645804685645,0.1606762541573605,2.2053833437359383
Jun,Product B,East,960.209876085228,0.1941480424673247,3.427468157181434
Mar,Product C,North,707.6412085988076,0.17245018839785006,5.0
Jan,Product B,North,1332.124200786092,0.16447379111091878,3.7345743732863568
Feb,Product B,South,963.8856508139205,0.22745525286042612,3.260896028472822
Jun,Product D,North,348.19913619578915,0.3723515541650603,4.041649816812255
May,Product A,North,1254.2265031451266,0.2521178940216155,5.0
Jun,Product C,South,839.4015442138232,0.15637611424459694,2.734654202235179
Feb,Product C,South,972.8400153087517,0.12309150081426223,3.3589520706885243
Feb,Product D,West,1099.5940991707046,0.3088468435413776,5.0
Jun,Product D,North,1057.14990393372,0.21483962933091638,5.0
Jan,Product B,East,1212.835545141712,0.3465492839756078,4.117255020567773
Apr,Product C,South,869.354088829047,0.29785323059223107,3.2087578379786863
Feb,Product A,West,1153.9317394528248,0.3388724351624106,5.0
Jun,Product D,East,922.1359967248248,0.18158381182553465,5.0
Jun,Product A,North,1221.6431442662508,0.30770767673831745,4.743157590209787
Mar,Product A,West,1184.610245203916,0.17921859540811566,3.5500781208500642
Apr,Product C,South,719.3683893866214,0.3817205438350875,4.160776527329571
May,Product C,East,1325.7946348525097,0.2909122844600123,4.071711935164136
Jan,Product D,South,839.2109664657856,0.19735354005260264,4.464681043692463
May,Product C,North,1242.4173394843435,0.1808535586876818,5.0
Apr,Product C,East,1110.1861940204021,0.15727797552149306,4.903533632909923
Apr,Product C,North,1551.4551030385367,0.3083922876681184,3.3380991384121934
Apr,Product A,North,932.9602052884444,0.1656146838993782,5.0
May,Product D,West,895.2049611645408,0.27859097977824676,4.450505712010524
Apr,Product B,South,994.1741182336802,0.17939050807760723,4.7496526366871334
Jun,Product A,East,909.0460651497175,0.2985906834381606,5.0
May,Product C,North,1239.982570582615,0.3444819185621618,3.310735800389159
Apr,Product A,North,515.1068174690237,0.333407572943396,4.17133953703483
Jun,Product C,East,683.8952742560937,0.3282553992792346,3.774836358912628
Mar,Product C,North,679.6591235262421,0.15631672170767563,2.9457124597076354
Apr,Product A,West,1285.0922775920726,0.12651548409535562,4.477367982083936
May,Product D,West,1513.1840117745776,0.3096846485462157,5.0
Feb,Product C,West,968.6652344387586,0.21050416413830542,2.7279378043953977
Apr,Product D,West,949.3534830429968,0.22970386792100422,4.174175511160424
Feb,Product B,North,1021.0156489339544,0.10934472783801732,4.712434348059819
Jun,Product C,East,1348.5634907824572,0.17787293478251479,4.298462561324945
Mar,Product D,East,721.7940597428278,0.11010292116233922,4.109497557987408
Jan,Product D,East,1071.5106948204354,0.36375573178037435,3.1606269092433408
Mar,Product B,East,1292.5592889347288,0.17301900496555916,4.386229394352131
Apr,Product D,South,1150.3282509819535,0.26720115087190244,3.594588818387259
Feb,Product D,East,1056.874484979623,0.11169379619833913,2.4480626360171573
Feb,Product B,South,1300.3138277701423,0.30005421739169746,5.0
May,Product C,South,189.03031210022885,0.1969082037262282,4.966708655873634
Feb,Product D,West,1203.3625958592722,0.3693757560872998,4.241328781480864
May,Product D,South,803.7772950617729,0.36643545668021077,4.383259750564562
Jun,Product D,North,450.8101309430629,0.19758718550852436,5.0
Jan,Product A,South,1153.3607798574942,0.37028826870714043,4.379471725422467
Apr,Product B,West,1412.0975635488874,0.3988473020496337,4.923214043809052
May,Product A,South,958.7654456116925,0.3476246992371845,3.96201423930092
Jan,Product B,North,1285.8623641608815,0.35346140432656875,5.0
Feb,Product C,North,1483.6834773965936,0.174702620832727,4.456628580746147
Feb,Product C,North,1394.4743360752143,0.27301071965732693,4.355241554884699
Jan,Product D,West,1491.9893588114178,0.12017677419021036,3.1839511290303744
Feb,Product B,West,1222.6382473215676,0.1284753810465009,4.429564683441368
Jun,Product C,East,1022.6300916704779,0.3996677836099872,3.534436066004439
Jun,Product B,West,519.4102564308495,0.1979917748277733,3.689373818777205
Jan,Product C,North,926.1812535610154,0.3244551736146539,3.547699497347103
May,Product A,North,747.0260214051426,0.341999515908045,3.34701205448062
May,Product C,West,1651.2828152493441,0.3574069813021688,5.0
Jan,Product A,South,947.234256270299,0.399288489220647,5.0
May,Product C,West,1036.9614420353457,0.17244894557706036,5.0
May,Product D,West,1165.4456128121403,0.11210524805790992,3.221683984355549
Jun,Product A,North,1013.0807339117362,0.22335745539837581,4.257002999928714
May,Product C,East,1508.515312129226,0.1390242009486841,3.1651938998367233
Mar,Product D,North,813.2051914796644,0.10672776674861655,3.643444098242349
Apr,Product A,East,1058.3822365711728,0.20812804814244584,3.46549841326674
Feb,Product D,North,777.2588242905855,0.33512147532257097,5.0
Mar,Product B,West,603.9932466337883,0.2698542073675213,3.8830162575185923
May,Product B,North,816.4692727284144,0.19383339676310624,5.0
Jun,Product A,North,988.8889608854764,0.29630260164781597,4.683296711670814
Jan,Product C,North,871.209332644822,0.16960545409264324,5.0
May,Product A,West,792.2737060378432,0.10431443382162552,3.016444621488221
Jun,Product D,West,578.1047608984499,0.32930601593092823,5.0
Apr,Product C,West,975.0683282113915,0.28712292545920276,5.0
May,Product B,West,548.5838877906994,0.32869078735028806,3.4212969295783724
Jan,Product C,East,1228.0167891068809,0.1116814050062997,5.0
Jun,Product B,East,1024.731925880351,0.3511358883491957,4.4689159704209835
Jun,Product C,South,562.7345501605208,0.28585786001089103,4.018018992037274
Jun,Product C,West,907.237276885041,0.26901860521379206,3.5408516104224
Apr,Product C,East,774.353078322825,0.2873842144343595,3.624712438840651
May,Product D,North,1095.752353125754,0.35932997406050926,5.0
Apr,Product D,West,1402.1351338069433,0.27608095196767213,4.200546255165986
Feb,Product A,South,437.4482591062766,0.27428511396645383,4.8257040012251675
Feb,Product A,South,1034.507823744225,0.3972037471197298,3.5672804946659578
May,Product B,South,951.9601613300078,0.3270190501205704,3.5761176430226893
Apr,Product D,North,1201.4020229351397,0.2326881416353406,5.0
Jan,Product B,East,1063.9589884713068,0.31221910000987835,3.120339030758774
Jun,Product A,North,774.4092004783543,0.21676914150753657,3.867828985675783
Jun,Product B,West,904.2838193000146,0.16866263874504972,4.2272219288577855
May,Product A,South,761.1922429589533,0.27905556306632784,4.2890980814720425
Feb,Product D,North,1322.8021415795795,0.3784546294341855,4.056725371987075
Feb,Product C,North,1006.3934946015827,0.3787418560046389,4.516655824876739
Jun,Product D,East,1570.3572057259023,0.2025715834316471,4.7542846046542495
May,Product B,East,981.8017558556138,0.25830323986650855,4.787710036367464
Apr,Product B,South,787.4779699268612,0.16349076957095837,3.411356953065739
Feb,Product D,North,545.8856822161518,0.39868933284966507,3.9726759216569625
Apr,Product D,North,459.0580971232165,0.39433537236038074,5.0
Feb,Product A,East,524.759217098353,0.2948526789122342,4.915717750059098
Feb,Product B,North,1080.137995303445,0.3413242179032421,3.101712438815149
Mar,Product B,North,1152.6175069689803,0.31453004838511006,4.481183920281762
Feb,Product D,North,525.64278939036,0.2779474657118405,2.617419800500152
Jan,Product C,East,1268.5114942228347,0.11600439909666932,4.237547921648296
May,Product B,South,855.0816844949682,0.23642930276579835,5.0
May,Product C,West,1044.0379035956648,0.3024358906502232,3.4416858261848113
Apr,Product D,South,1483.6661884766272,0.30325948416510545,3.5325415636067343
Feb,Product D,West,1269.0517947596595,0.2119367855267151,4.8112238252582875
Jan,Product A,North,919.4408056282504,0.3825075959974092,2.9657587878322835
Apr,Product B,South,732.6423323754137,0.15020710967103432,3.6937959760919687
Mar,Product C,West,354.4553796012085,0.2501078338646682,4.677152910065402
Apr,Product A,East,784.254004227274,0.30726519296524685,3.6925713218484777
Apr,Product B,East,936.6609283516917,0.3091407417675428,4.011224010231222
Feb,Product A,South,703.8461418546449,0.2945916870306447,4.795348568252028
Mar,Product D,South,960.6229098723086,0.18258646403555806,4.537236866829249
Apr,Product B,North,1023.0555648876305,0.1468619706059866,4.413454717036322
Jan,Product A,South,932.5432054575764,0.2907820980480133,3.928702176583969
Jan,Product A,North,804.999225752962,0.27979063484183136,4.496048892215165
May,Product C,North,1050.5964015900183,0.1538068030867723,4.101013855920195
Mar,Product A,East,1132.5821948708226,0.31154174367116905,4.5662444879406285
Mar,Product B,East,672.8802767671461,0.23655159752009694,3.8024543799056176
May,Product B,West,1423.279713923881,0.3003281774809459,4.053944820496367
Apr,Product C,East,970.4235603147215,0.3512101239310452,3.4080337659583892
Mar,Product B,East,1005.6548868834543,0.15091852857307697,4.171993911995012
Jan,Product D,South,1212.4643269769672,0.10574346039905101,3.5511993090969245
Jan,Product B,East,1069.9648393790505,0.33373077591873607,3.3087628398704054
Feb,Product B,West,1285.9409901739734,0.2829092275457848,4.4069289182843105
Mar,Product A,South,1086.1372495605472,0.30989187088663656,4.370191820686128
Apr,Product A,West,816.2687876078686,0.3514464924965928,4.826298987958858
May,Product B,East,1108.4510575618306,0.3408432804473502,3.8550995443399207
May,Product C,West,656.8821378038015,0.38827604407864746,4.526442277469405
Apr,Product A,South,1032.5679117329569,0.2607805236556355,4.640638057818931
Jun,Product C,North,990.0310028066617,0.24654868979797165,4.555819046265276
Feb,Product B,West,937.5649428182381,0.22056615996721904,3.5394770537582865
May,Product B,West,961.4387465683208,0.14610731285326137,4.319490785816951
Mar,Product D,South,435.4452863507083,0.27178216986460674,4.491312236843729
Feb,Product A,South,835.3825276777116,0.18310375729779366,4.205742773526354
Mar,Product B,West,1027.8534703423345,0.3763922536638927,2.5308178733031323
Jan,Product D,East,1047.95691759922,0.2749572412831293,4.328391699178784
Feb,Product A,West,691.6974577222126,0.2778520541524331,5.0
May,Product B,South,1379.7123522594102,0.20647739826310302,3.911968584994414
Feb,Product B,North,740.1475455356498,0.11559680559331226,3.617538321715743
Feb,Product A,North,1290.837160158021,0.1095231296118966,4.498678847769119
Feb,Product A,East,1128.1583085615055,0.22700054324595928,4.449902568373258
Jun,Product A,West,806.1318070468591,0.12536961342917136,5.0
Feb,Product B,North,1532.5932677828534,0.2820540866620418,3.1937054752728895
Mar,Product B,West,641.9089504730559,0.3642919016918973,4.785104202059994
Jan,Product D,South,1275.7462520830004,0.3648744449556167,4.672337649001171
Apr,Product C,North,1300.1746954128935,0.29771362303966975,4.086282770447563
Feb,Product A,East,798.8139372770065,0.1633695494418793,4.470949854337352
May,Product B,South,1417.7395900192987,0.35889904940766165,5.0
Feb,Product B,East,924.9860456203141,0.3658280305939625,4.89785230402276
May,Product A,South,1086.608088783957,0.15899607548588762,3.2855845503410173
Mar,Product C,North,1078.0965516313663,0.32122782573120323,4.8561265494043875
May,Product A,East,959.7073775588357,0.1859558646781369,4.148249115973986
Apr,Product C,East,1243.2424819479347,0.34079209370587893,4.258299278412411
Jan,Product B,South,1238.0466161656639,0.3991713699710808,4.258557592801355
May,Product C,East,475.4404080285458,0.10900780159881784,4.079805608961393
May,Product D,South,1391.3020728634458,0.3692097597372796,5.0
Jan,Product B,South,501.2524035892977,0.2867891600795974,4.1330256321206305
Apr,Product D,South,1309.7638613024972,0.39201478574944637,3.3043630972934652
Feb,Product A,South,1338.011541048275,0.2395028552579283,3.8851761152242172
May,Product A,North,672.7100709354405,0.3542163791714122,4.342955773448381
Jan,Product A,South,876.7557136136246,0.11871822057948318,5.0
Mar,Product C,West,668.2885994542193,0.20058371502348873,4.682475747959067
Jan,Product B,East,935.5236909133794,0.120104961325363,3.519571777002365
Mar,Product A,West,907.5897147442777,0.3926029400437212,5.0
Apr,Product A,North,1233.8981596808019,0.3450921721815511,4.411820248782384
Feb,Product B,West,1393.0926238358827,0.3557642263737912,5.0
Jan,Product A,East,1418.705143236987,0.38138956943016833,4.078628453138217
Jun,Product D,West,831.3495920265094,0.1255310458359356,4.6266873957643595
May,Product B,North,937.2334378766417,0.21567927775400003,4.871574803614724
Apr,Product B,South,494.968542333715,0.12131046671320064,5.0
Jan,Product B,West,758.2389800511434,0.1632379304650086,5.0
May,Product D,North,1289.4554899292373,0.16880973311130174,4.897757600058383
Jan,Product B,North,1484.6748470644695,0.24073216331427363,3.9479306150447133
Mar,Product D,East,629.6953384360233,0.18056865023609278,3.742603166435151
Jan,Product B,East,822.2607222541317,0.13029343204532834,4.466086008259358
Jun,Product C,West,992.078272912322,0.15024732672823232,4.946502457872856
Jan,Product A,South,1084.048347645882,0.1441826690656273,4.021823439378714
Jan,Product C,North,757.1189440235062,0.39192303937368955,5.0
Jun,Product A,West,1127.2183133392268,0.3277877520755421,5.0
Apr,Product D,North,857.8481958787252,0.39032843958086866,3.4669432647412646
Jan,Product C,North,995.6643187365163,0.2319221459523726,3.530463436962976
Jun,Product B,South,1163.8852744011099,0.183510544498797,4.087699952875731
May,Product A,South,1001.9266809432813,0.33948795916275604,4.4460901345513575
Mar,Product A,West,869.0842328420295,0.19787617541234406,3.7803463889863593
Mar,Product C,South,967.1170588222508,0.1898150121116045,5.0
Jan,Product D,South,973.4911122383994,0.16975179766234938,4.539253489214762
Apr,Product C,West,888.9966910353616,0.1389036934672706,4.231557638592592
Apr,Product D,South,922.3611811998693,0.1769389183050298,3.051272380905178
May,Product D,East,1479.5941511514152,0.20659592454216633,3.1473473468579947
Jan,Product A,North,1168.2758343823716,0.30219826244371917,4.424807400225445
Mar,Product C,North,911.3559045912519,0.11876945266583548,2.493923499076131
Apr,Product C,North,1209.0863213532207,0.1631520818996029,5.0
Jan,Product D,North,899.854153073197,0.34270709208750294,4.073476924502144
Apr,Product C,West,1351.9373912759925,0.14407657707513125,5.0
Jun,Product B,North,1110.892657659428,0.20279354395675647,5.0
Apr,Product B,North,967.8093567987313,0.3593976765574421,4.054840744601987
Mar,Product C,North,1134.3150777430833,0.1464775933430328,4.114930397974948
Feb,Product C,North,528.7371543794502,0.12482105068545697,4.996465211201624
May,Product D,East,661.9697593270585,0.24536139852400327,5.0
May,Product B,North,641.8224980802834,0.19072585338356093,2.8895767540511867
Mar,Product B,East,1042.882928429112,0.26902250934515626,2.770899627716251
Apr,Product A,West,1519.7544998455276,0.34114146714504257,3.7023721555564952
Jan,Product D,South,1669.3900438577896,0.14114454644582297,4.666190066539092
Apr,Product A,North,1191.4153304322272,0.2742097253662855,4.597498872406078
Mar,Product B,South,1150.253342483337,0.2516526281169592,5.0
May,Product D,South,459.6826797541783,0.1432236358039599,3.2402419773077535
Apr,Product C,West,837.1978600797935,0.28719954565869477,2.3470849096248987
May,Product D,South,763.6648744275283,0.18209212535823152,4.886411356241717
Jan,Product C,East,813.7457205246652,0.24635029556320379,3.5374429816278123
May,Product C,South,949.5568544245631,0.12468169728311858,2.58520970848909
May,Product D,South,858.3728266908619,0.23787521716408694,4.316050996767506
Feb,Product C,South,406.2100568872637,0.19193904041284612,4.834540550574942
Feb,Product A,North,1224.3730768352602,0.34671436335560635,4.1023542943029785
Jun,Product B,North,678.177092278058,0.1170936180992105,3.8337212910540086
Feb,Product C,East,1071.7740592333448,0.225582182475499,4.072510214283275
May,Product A,East,1622.224800924992,0.23752942723943143,3.903533790079374
Mar,Product C,North,724.184622524073,0.31750182288973566,3.1215623104478665
May,Product B,East,240.9137431761011,0.27228627252706333,3.6282554584076547
Mar,Product A,North,914.1987334359668,0.30016370115825436,4.617023924011052
Mar,Product B,West,1330.2878904995714,0.3331147856955269,4.4573428331012
Feb,Product B,South,1587.5042362661782,0.35866089209745666,4.3344478447734565
Apr,Product A,South,631.135121664275,0.19416264901674118,3.4038812145172965
Jan,Product A,East,1149.0097669709564,0.2614068116091709,4.054797470291467
Feb,Product A,North,860.406862965984,0.35203242353176,2.4583479628457163
Feb,Product D,North,968.2154937087593,0.396835339289517,4.342781331108312
Apr,Product A,East,1793.3030041051104,0.366855793313129,5.0
Jan,Product A,North,549.108901481454,0.21144017878731305,3.0206942943663155
May,Product A,West,1076.1218984483721,0.15854995516559514,3.731257861345796
Jun,Product A,South,1140.30795152963,0.24681776122197666,4.463285422968104
Jun,Product C,East,1325.7358974818042,0.3224924355508127,5.0
May,Product D,East,1029.3949460412687,0.2477707212259893,3.8414203069598805
Feb,Product B,North,1092.4151618512306,0.2449542589941006,3.646199736587283
Jan,Product A,East,882.5054297734628,0.3514691263245402,2.6248614860671338
Feb,Product C,West,1080.7380823735323,0.20842113372015592,4.2827505034464854
Mar,Product C,North,897.0423173507769,0.35793840244349373,5.0
Feb,Product C,North,1186.4715669568152,0.2220414402855171,4.421886769571741
Feb,Product B,North,889.1168991869098,0.19846993170350186,4.18217681665303
May,Product A,North,1113.130118170656,0.23619697335990972,4.457665848613589
May,Product D,West,991.2211558945065,0.3287340876024606,4.191126396841119
May,Product D,North,1337.8150752316506,0.1378006083591983,3.5495885021918965
Jun,Product C,East,984.5818829234541,0.15892576476160522,4.858623932542164
Mar,Product B,West,468.0902595379356,0.3854334476989276,4.380609218489404
May,Product B,South,1378.5764502141974,0.1526474882144072,4.214090601546926
Jan,Product B,South,728.2803097412143,0.2703181953793164,3.4197071781774
Jun,Product D,East,803.870098405354,0.2737943399985814,5.0
Apr,Product C,East,821.3016117869523,0.24688733861507348,4.731762196266488
Jan,Product A,West,1412.3314279512451,0.29342357457304563,3.7576633301061584
Jan,Product D,South,359.2977358063912,0.16894801773928556,5.0
May,Product C,South,1941.3245600979983,0.2657986803330245,3.8019433292918343
Apr,Product C,South,1316.8170427198156,0.21165197657406917,3.5743972059911706
Apr,Product A,South,1066.971674238748,0.29850017788875677,3.5922375060157705
Jun,Product A,South,983.531799815114,0.14236706301194485,2.783145157529527
Apr,Product A,North,1085.6662224572972,0.2712632250518429,4.577233904334565
Mar,Product B,East,1156.3367285138015,0.15558110661499713,2.73508409732932
May,Product A,North,1193.5646757850172,0.18359291893451093,3.21724493498739
Apr,Product C,South,1166.6813398010345,0.16561294009707497,2.5395295927371735
Jun,Product A,West,1026.8742043765747,0.15485133396064515,4.131144245767286
Mar,Product C,West,940.7984739078022,0.34771328546820013,4.079743631782502
Feb,Product D,South,954.6180149039465,0.18571227029826712,3.9386430294509087
Feb,Product B,South,941.5275158941957,0.37813713455933484,3.3659378442635393
Mar,Product D,West,1340.1310290601193,0.3909779576035573,3.262212997250688
Jun,Product D,North,1178.0670166842585,0.2713781409811292,4.57149589083726
Mar,Product C,North,117.88340960071592,0.14290033679971792,3.75955845463321
May,Product D,South,1196.7702329589283,0.2123644730138744,4.453086657228916
May,Product C,North,1058.4208584156324,0.33931967900446425,3.491801051100622
Feb,Product A,West,994.3873730662308,0.21021721860912115,4.344850194216866
Apr,Product A,North,883.4444640733343,0.12610516549083664,5.0
Jun,Product C,South,1337.233815995804,0.2670354732784564,4.668932640314227
Feb,Product A,West,1284.2579386368573,0.35353625544881045,3.870068945426816
Apr,Product B,North,768.1366996529173,0.33877791614305075,4.405759176284742
Apr,Product D,East,1122.1156861373606,0.15253694203910598,4.007467860375829
May,Product B,West,708.5029796376142,0.30182938432374007,4.206304147755783
Jan,Product D,West,586.1145505633209,0.16615127903069415,3.939511158281197
Jan,Product A,East,811.9848326230104,0.16546226036565168,4.068531835291687
Mar,Product B,East,1258.7180417148277,0.3622215319915556,4.36967468245934
May,Product A,West,1285.937513612826,0.17490068582206905,3.40531304033444
Apr,Product D,East,1153.925626029188,0.17897420395540337,3.3872969384080176
Jun,Product C,South,1217.5287360543991,0.10019601722838987,3.089165956935031
Jan,Product C,South,1154.8534861344874,0.3612007102376553,2.9197831163970323
Apr,Product B,South,807.5555214331143,0.3377784439627405,3.2261738462236167
Jan,Product A,West,1129.5767634021822,0.28819868052720343,4.327570005443303
Jan,Product A,East,1240.1228575683047,0.32507972918165273,3.485769987606493
Jan,Product B,East,1226.2873989440723,0.14561457022734756,4.610891571384877
Jun,Product C,North,1356.6740114423928,0.23749707837627265,4.22777099900205
May,Product D,North,1212.4911541603192,0.2053658162046343,2.625196629249557
Jun,Product B,East,1105.4344622624749,0.12813295787710496,4.723980467377352
Feb,Product D,East,1321.0450714949282,0.24583914556447725,4.8486389164733685
Apr,Product C,East,992.043622225282,0.37622189510279064,3.4049098601321175
May,Product A,West,735.4376046316845,0.11201773571520836,4.536153234315994
May,Product C,East,951.0799108168708,0.18743827404813818,3.514801410072641
May,Product B,North,776.5292065580653,0.16226228086171104,4.278136301398669
May,Product A,West,797.4465175076855,0.17144399609970892,3.1884012744360275
Jun,Product B,East,956.6443987853446,0.37253036556381264,2.7655148379723387
May,Product B,North,762.2740237000116,0.24042071627028708,3.893746248309625
Mar,Product C,West,907.611541108288,0.23988982388194566,4.1010168429801315
Apr,Product B,East,431.9155999138643,0.3281726927365847,3.8818562451083167
May,Product C,East,1063.9881122118816,0.14634766120147774,3.2527755534219525
Apr,Product A,East,1000.3616426086672,0.24617960623001525,3.8800807502950905
Mar,Product C,West,754.8734106795428,0.22899556423631795,4.415435802064588
Mar,Product A,North,1197.7737005297215,0.27907320716399686,4.164085575901971
Apr,Product C,North,1281.2710412879676,0.3998673109751316,4.346000824479371
Jan,Product D,South,517.7320406893077,0.33083466822461416,3.6639078396366136
Feb,Product D,East,771.1825664301357,0.21935971090522818,5.0
Jan,Product B,South,769.2572950638106,0.34826591568221416,3.2590613307561758
Jan,Product C,South,718.0290696673407,0.15121250899374405,4.590048237669375
Jun,Product C,North,1248.8424525795244,0.10913910589268805,5.0
Jan,Product A,West,941.8521583681589,0.16133451173928193,4.584726474199116
May,Product B,West,920.6455476068168,0.20212346683427793,4.037980618348136
Jun,Product C,North,398.841290677974,0.253174227237868,3.777362362669617
Jun,Product B,West,1190.6254090627679,0.28453874216235997,5.0
Mar,Product D,South,628.2224815439582,0.3731817151643266,3.0616200597906618
Jan,Product C,East,1017.9797890798985,0.2529562028651373,3.4239005916962855
Mar,Product C,North,1083.2130813874576,0.25038269338771885,3.8819537876066232
Apr,Product B,East,1408.1975787515953,0.11507290294689465,5.0
Feb,Product C,West,607.3538802642664,0.11047346579686715,4.503814108832717
Jun,Product B,East,94.14635325375241,0.26534798857491165,3.425563393191804
Apr,Product C,West,1055.1548634261085,0.23145358397450339,3.9517538356920774
Apr,Product A,West,1540.153354453256,0.3517541184940896,3.7085414847229647
May,Product B,South,1371.6839058818312,0.14820387541355357,3.6321688062131723
Feb,Product C,West,1062.8978245823878,0.10749149863511488,4.9831116468454235
Apr,Product D,South,852.5091443103858,0.23471163037903778,3.1026054965891956
Apr,Product C,South,1242.136778991193,0.17124356702567725,5.0
Feb,Product D,South,707.9361400886594,0.11488431200165124,4.862583752147699
Feb,Product D,North,1142.9073308068657,0.31737948605428873,5.0
Apr,Product A,North,1151.641047749988,0.13347789998717424,3.8296483903797935
Feb,Product B,West,1318.062972249664,0.2824958500023315,4.080047424736713
Apr,Product C,South,1827.8980116733233,0.18431492505006677,3.0534785483802303
Apr,Product A,North,1117.72479015363,0.1520488151065066,3.7802700743465576
May,Product C,South,847.3109122877504,0.21392545687579526,4.594923878114521
Jan,Product D,East,992.3277063424017,0.34043373286688616,5.0
Apr,Product B,East,469.2772285332645,0.21762807307137183,3.3142745465580385
Mar,Product C,East,791.5860606732825,0.32523089476331674,3.9075952504117875
Jun,Product C,West,877.2152685660689,0.13764588903974523,4.078960623813982
Jan,Product D,South,842.7734806196222,0.3318314258995238,3.083368638246012
Jan,Product C,East,1045.7064616101165,0.17107999747199462,4.67307939340672
Jan,Product C,North,753.2740202853398,0.3032179389666619,3.620807734605913
May,Product D,East,1336.3092001973414,0.2697344664522989,4.043687719058381
Apr,Product A,East,1000.0621194754592,0.37874341516350624,3.838440502470498
May,Product D,East,997.2099036584121,0.21619675539259423,3.5685291954242606
Apr,Product A,West,901.6315850461247,0.11984955665033215,4.194364011615557
May,Product B,North,1046.5572051576937,0.10574664566537588,4.027512337145582
May,Product A,South,1247.5294794002905,0.348057568291826,3.9025136941770677
Jun,Product A,North,739.86093528673,0.2574206912984297,3.6172307026557258
Mar,Product B,South,802.565053277423,0.3325732155504848,4.455619736626365
May,Product A,West,908.8821913670006,0.1703276800034544,5.0
Jun,Product D,West,596.2387229580355,0.20352512365397013,4.311909786271302
Feb,Product A,West,754.2226420835507,0.10903116166339569,4.9968945719289035
Mar,Product B,West,857.1337379366023,0.38844769737223367,3.08782245987723
May,Product D,South,1262.316754213818,0.30036037201024407,4.326209151435016
Jan,Product B,East,1078.7683987005776,0.3799615263277919,3.322105344823147
Feb,Product B,South,1058.0769734102635,0.17964892222872172,3.018460057974479
Feb,Product C,North,1255.2693886503916,0.2834390833676983,3.608502874032771
Jun,Product C,West,958.788463480181,0.30354999048779135,5.0
Feb,Product B,West,1117.139454978667,0.19526491007727656,4.960012662935717
Mar,Product B,North,969.0334741202512,0.3544327705046891,4.39440377764352
May,Product B,South,1079.6087048198885,0.3841484388700744,2.9738395520880556
May,Product C,East,825.1724027165254,0.36545653530880134,4.042975478889651
Jan,Product C,East,268.35485251707127,0.3217200927818118,4.441360007121388
Jun,Product A,North,959.7162513441087,0.18323940391748622,4.340428983662878
Jan,Product A,East,1426.824440829982,0.18448481263168953,2.7249651332154037
Feb,Product B,South,1277.8646206724777,0.38900809613381143,3.4877457215841026
Jan,Product D,South,1289.6192453773513,0.10308534878070762,4.148737788681027
Mar,Product D,North,1370.8392165418654,0.3148149919726434,4.629032727613752
May,Product C,South,1026.5972772884313,0.3118738487665787,2.443097743120043
Feb,Product C,West,1059.1947122216789,0.2868068622849393,4.070300819616113
Jan,Product C,North,814.7044313696949,0.3970326538260598,4.3144390159031625
Jun,Product B,South,905.178143191885,0.1935638307291176,4.879689590812971
Mar,Product D,North,1184.7313449313424,0.20199155913797448,4.754286067389949
Mar,Product A,East,1361.1653311506448,0.12368182088396668,4.666057055047045
Jan,Product B,South,958.1661172957001,0.23283944096312126,3.5600475946384527
May,Product A,West,864.9432205445765,0.17831455787045444,2.673598290301354
Jan,Product A,South,1000.1583876569792,0.20301601065329328,3.8855577943508792
Feb,Product B,North,1180.3620246787345,0.35037153707668833,5.0
Jan,Product A,North,566.8435551599374,0.3806453540582488,5.0
Mar,Product D,South,311.14571405882856,0.1557199216015557,4.768439281838228
Jan,Product A,West,834.838945152525,0.2117526794660398,4.543472658241388
May,Product D,West,633.7862722257524,0.3785891686346183,4.5037117187087725
Jun,Product D,West,847.5579407058067,0.1185425382067668,3.755105002591376
Apr,Product D,North,955.6659043547586,0.12770815843341357,4.095951765157104
Jan,Product C,South,864.025477293096,0.14883729676186883,5.0
May,Product A,East,1435.7402603412236,0.27856385023806246,3.445953595366499
May,Product B,North,1098.023429380696,0.14514168130179925,5.0
Jun,Product B,West,1090.1423078832486,0.3904229144352201,3.9423774764063535
Mar,Product A,South,1186.6621432130205,0.23401435817755614,5.0
May,Product C,West,658.3500646657693,0.25045538810504997,3.0745479924019694
May,Product C,East,1311.7335362260806,0.17399758474162197,4.668723360931719
May,Product D,West,977.270714039362,0.24128807573042008,3.6105838912419026
May,Product A,West,1201.1441851723637,0.2985740897911035,3.06778624646065
Feb,Product A,East,678.4428300879533,0.3253531410862129,4.374827233928757
Feb,Product B,South,533.8723701951807,0.32616042481297397,5.0
Mar,Product A,North,1245.3668974075085,0.27336733380822653,3.5240468491252033
Jan,Product C,South,1112.922857829255,0.3713079324981572,3.000787231633279
May,Product A,East,729.3845336927469,0.34522235419183284,4.126524188532036
Jun,Product B,West,739.1010756175917,0.32711443440958765,4.130051736978255
Jan,Product D,South,1337.630435324431,0.1166816565041382,4.638655702043599
Jun,Product B,North,643.1764321398016,0.1020633886658948,4.959675657091591
Jan,Product B,East,1492.801885976789,0.1637341831586419,4.152467854982005
Mar,Product D,South,729.8137796056394,0.2990570781740357,5.0
May,Product B,North,1191.517577682515,0.22335924666476376,4.379387795628234
May,Product B,East,901.4144572753046,0.22072187778979355,3.9228587951944807
Apr,Product A,North,1180.956229324703,0.36537606646888415,2.910746112717738
Jun,Product A,East,836.7657993657422,0.36866885443955166,3.9898723837470658
Jan,Product D,West,951.1621281783117,0.37275257921607574,3.930890443671091
Jan,Product A,South,1012.2757526187163,0.19416342295450822,4.9682438370251765
Feb,Product A,North,699.3437632655582,0.30731674382177854,4.569986899253483
Apr,Product B,East,1222.2473036260376,0.18148995438231091,3.2565047026939062
Feb,Product C,North,846.0359300585245,0.15718294992233495,4.33780350912883
Feb,Product A,North,931.4200253979944,0.1553897372042108,4.737224937383243
Feb,Product C,South,701.6951876174463,0.20263228625907823,5.0
Jun,Product A,West,231.29990236140685,0.22898728593394654,4.910003173931248
Jun,Product A,North,942.6916712199493,0.34928475131652054,4.808677323449182
Mar,Product D,East,1723.7846264838747,0.13596732804181363,4.248068795692131
Mar,Product D,East,1235.3812863694072,0.3204777542184683,4.51064960433876
Feb,Product D,West,994.2218860796816,0.2594364742567916,5.0
Apr,Product C,East,921.1327512375196,0.18638360280279775,3.1337780820162804
Jan,Product B,West,1006.7397678436139,0.2478458753598474,3.9204485382264354
Jun,Product A,East,1164.135734552563,0.1899826209331068,3.5819450009950073
Apr,Product A,South,645.7561554073466,0.27882458657149184,4.5033224949809
May,Product A,North,1334.2965084006617,0.23015317685657327,5.0
Jun,Product C,South,1214.6143946323732,0.14932165872366363,3.7224205706231412
Jun,Product D,North,1215.4557177123804,0.13497492236670902,2.28775650602445
Mar,Product B,North,1131.5427216429182,0.26400870462163906,3.870223403980424
Jan,Product C,North,1005.884997308197,0.3707239099858311,4.930778985613926
Jan,Product D,South,1201.858370790046,0.2031873059673057,4.630103922359904
May,Product C,North,1177.5442401224134,0.319900032166787,4.542548998248461
May,Product B,South,893.7877867176928,0.29759840648193014,3.9760053585004163
Jun,Product D,West,827.9194681309297,0.37946647429284436,3.176775411024171
Feb,Product C,East,1030.556888578596,0.3462943051897423,4.612235457299574
Mar,Product B,East,1464.706045448556,0.26998157767163894,3.5325745519723
Mar,Product A,North,628.2678773038298,0.2971091494702322,5.0
Jun,Product B,South,559.7424202742679,0.3695159399752105,4.656405766683613
Apr,Product A,East,1049.428252370955,0.21985563537608047,3.7354813579568398
Feb,Product C,South,1015.2663105568054,0.19803841175733322,3.710891802089098
Jun,Product D,South,1052.0024993111224,0.1032433250905589,4.125644634709129
Feb,Product D,North,1073.18595937255,0.3479653222574393,4.0083984623826
Feb,Product C,East,933.0393236095584,0.3402942101210095,5.0
Feb,Product D,North,1446.9590315806247,0.13133635543004543,4.349132935795237
Jun,Product D,North,519.7288064570454,0.2730572143398101,3.6146946088731777
Mar,Product A,East,751.4508925659262,0.23919450945006623,5.0
Mar,Product C,East,969.0235719552858,0.13561272865273344,4.239446665216178
Feb,Product B,West,507.04335665374987,0.3941704681182171,4.815071740775118
Apr,Product A,West,947.2436786703787,0.16440876623900666,3.713418794044193
Jan,Product C,South,1498.4410497184053,0.12017025402716836,4.490492502195619
Jun,Product A,East,1006.2659464887886,0.2784542138505729,4.448887992914557
Jan,Product B,West,1069.2102717156051,0.32166000313990983,2.6882805663230775
Apr,Product B,South,621.9505704482259,0.1097330338141561,5.0
Jun,Product C,South,815.0915775881567,0.2976152916181067,5.0
Feb,Product B,South,887.4410859028189,0.25968756278543637,3.88224374708321
Mar,Product A,West,904.6854709731298,0.13097950266251454,3.3181842076353156
Jan,Product B,East,1384.4931385011307,0.15175716308390863,4.478049291042842
May,Product A,North,1167.3073182175374,0.27039228919482416,4.269358159531517
May,Product A,South,666.5626129188904,0.18890728405398652,4.4845351588505835
Apr,Product B,West,1073.9514335296014,0.38149471859539485,4.3532619169552715
Feb,Product C,West,1149.4665245490355,0.3456220688452153,4.604992791444741
Jan,Product D,North,1342.04471155638,0.39507016195409894,5.0
Feb,Product B,North,1474.162205970512,0.17790125168512422,4.654482564102917
Jan,Product A,West,695.4717424516394,0.39091708983939316,3.3602756008720474
Apr,Product A,East,756.7427466368986,0.22937016093746737,5.0
Apr,Product B,North,622.7266423256151,0.2042556385941264,5.0
May,Product C,West,929.7940422679056,0.11510485809080598,5.0
Feb,Product C,North,1139.9075123339003,0.1158295773578808,3.3012047734083216
Jun,Product A,East,1296.2003549767305,0.30760337678399646,4.39430561052022
May,Product A,South,977.2146929072431,0.2373786983302084,2.53432103744881
Feb,Product C,North,904.0457430235468,0.16795648781083172,4.642519325103367
May,Product D,East,1045.527397674622,0.2841910918975698,3.761439761466582
Jun,Product B,West,749.4571295109931,0.17585743547503338,5.0
Mar,Product A,North,1626.861616508432,0.2732895263033268,3.580308023985135
Mar,Product A,North,517.7016918645824,0.2077626240948071,2.8486535696261908
Mar,Product C,West,1055.4221736687173,0.34706566798354577,3.8229890074379846
Mar,Product B,South,1607.0818657688917,0.34620884823003384,2.61960978302629
Jan,Product C,West,1002.0399533679994,0.24320511943672043,4.800879563605848
Mar,Product B,North,942.9882894995517,0.2052457328005047,2.5479335629949436
Jun,Product B,West,892.7663731568719,0.20876793896772838,4.222766064946527
Apr,Product B,East,945.8824954712777,0.34171435770046543,2.5377505441150428
Apr,Product A,West,1411.854542402959,0.19845384483928363,3.943761756370687
Jan,Product D,North,336.44142660114795,0.16271781211205383,5.0
Mar,Product C,West,1460.0301103888976,0.12540650256259206,4.488518313148636
Mar,Product D,South,572.8128542649565,0.24000793626532255,3.509205116028053
Mar,Product C,West,920.0043012296755,0.2446396296759526,4.175037208848733
May,Product B,South,871.2266739104015,0.3522726131208722,4.214413497635557
Feb,Product A,East,1176.565980931216,0.16637160893381922,4.578104276674725
May,Product D,South,520.5626944348758,0.21429738210052,3.1065133093753388
Feb,Product A,West,1138.651799824583,0.34252172166810735,4.674053819077865
Mar,Product C,North,1607.2928869860557,0.3470870832246921,2.0364866947177798
Mar,Product A,South,591.0477986221568,0.21538332279363048,3.696092358108952
May,Product A,East,1056.9118502831186,0.23773720698600428,3.8093809260387643
May,Product D,South,801.4053466610172,0.1909857672547849,4.706661460856991
Feb,Product B,South,1127.7661618579107,0.3797664635257937,4.218104682141496
Apr,Product A,South,1005.7443332247257,0.13559312972247411,3.0755495569149707
Feb,Product B,East,807.5539272867071,0.380124826900441,3.412005499346388
May,Product C,West,1146.3616854613222,0.305159935550603,4.358944007637926
Jun,Product A,South,1541.304432936023,0.2594716458060194,4.136746126508355
May,Product D,South,942.7288624818104,0.10979771823534877,3.7367007122914027
Jun,Product C,North,1215.9273826444546,0.2426788575466025,3.8153329683904165
Jan,Product C,East,612.0181126386509,0.2223244315008197,4.756934397727432
May,Product D,South,713.0690869545974,0.1483656435925368,3.7858459417046286
Jan,Product A,East,1141.7218833641132,0.2969228810501971,4.129527004776741
Apr,Product A,South,1445.2348085607896,0.39134527221048576,5.0
Feb,Product C,West,1106.684004635698,0.26865664331935757,3.0610538904928615
Jun,Product A,West,906.0825908430537,0.3144259829331838,2.718525814740273
Feb,Product B,South,999.7874216270062,0.12053513576980504,4.826871731838885
Jan,Product D,West,624.8776798090847,0.22530009874509843,3.6570855509647173
Jun,Product B,South,1181.35459790661,0.13490754554934878,3.945409977805904
Feb,Product A,West,1264.6999186970227,0.28383875066095315,3.5750748974951088
May,Product C,North,864.3729001500759,0.38154464746424643,3.99215988738599
Mar,Product D,North,858.9873556721495,0.2985333197414916,5.0
Jan,Product A,North,1079.7634688956146,0.12304091449432647,4.841702766894495
Feb,Product A,East,868.9840791878214,0.20639986149552486,4.889778809509582
Jan,Product C,East,980.1602156122533,0.26519901383225547,3.067018355365884
Jan,Product C,North,1629.9165367499547,0.2209623268399757,3.2790770107577045
Jun,Product B,East,925.892289776201,0.35009320314255177,1.9287370724116586
Jun,Product D,West,892.4979543936333,0.3444013014129968,3.552495343133797
Mar,Product D,South,805.7374583094522,0.28354930603096645,4.965362549108527
May,Product C,South,1223.257591449981,0.2120373835398116,4.613557212598697
Jan,Product B,South,945.6327480345691,0.17660091212897325,4.022789389638301
Feb,Product D,North,805.1880885035722,0.1317622954639388,4.182159773025558
Apr,Product C,East,1396.3912096819035,0.20646930504596622,3.6488915659396755
Jan,Product A,West,1425.880901354091,0.22395175516231589,4.363807105921428
Jan,Product D,West,819.8729302783885,0.3027468775312221,4.812702623584492
Mar,Product B,North,440.0380145918151,0.2974479472892721,2.907290570071622
May,Product B,West,1302.2541069510767,0.1210324418923771,4.439718150269878
Apr,Product B,West,794.6110522719988,0.21857779462934734,4.945947896763734
Jun,Product A,West,1237.1876797488305,0.1545336601652086,3.8679197688293043
Jun,Product D,West,408.9688546864493,0.1470438115950417,4.760560489696467
Feb,Product D,East,1267.7792014897927,0.3481906449211738,5.0
Apr,Product A,West,636.6484212157657,0.11257456501487727,4.116525765610486
Jun,Product D,South,1219.2292357199574,0.22575486277063642,4.514645640004259
Feb,Product A,North,1004.2819203509302,0.15046109672995547,3.609554333070887
May,Product A,East,713.8181741810065,0.36379906470354223,4.345000930081641
Feb,Product A,West,877.8891061219658,0.2671121539825106,4.568217299985843
Jun,Product B,East,1205.8955370870103,0.16941419091305443,4.355873872216111
Mar,Product D,West,1031.7683359345704,0.25072818614991293,3.3842437442329145
Mar,Product A,South,1175.3238941417453,0.3194459079109348,4.365089417060361
Mar,Product D,North,1592.9321753546456,0.38743540267583015,5.0
Jun,Product B,West,530.7275164866846,0.1661338012736257,4.558908611611622
Mar,Product A,West,1485.1637724905872,0.3658545316388036,4.969589751257473
Apr,Product C,West,1031.3067812569639,0.38029123425024713,4.010390423989898
May,Product B,West,730.3647855030615,0.3749261633596199,4.799920191538968
Feb,Product C,North,600.905912278303,0.290624307058573,4.423414270573221
Feb,Product D,North,943.26388276689,0.28894619633041235,3.4392714162502145
Jun,Product D,South,1276.4950335773378,0.22096318995514685,4.454816803839099
Mar,Product B,North,961.7352638867397,0.32571936469113644,3.4066426692477516
Mar,Product D,West,1453.3464790742044,0.25938820550527963,3.693695780092167
Jan,Product C,South,564.6472929845323,0.30323142136848835,4.3514626458339
May,Product A,South,996.3733156461836,0.22853737115463865,4.437795418704099
Apr,Product A,South,624.2819666760643,0.31944893921294176,3.248614027938297
Feb,Product A,West,1109.0895647874904,0.3473414552813648,5.0
Jan,Product B,East,1266.06621702919,0.14393087698084484,4.657605022640379
Jan,Product D,West,873.7714618956841,0.34987891467226845,3.636217251511293
Jun,Product C,North,218.73584301185974,0.2620889595370922,2.9699321628406596
Feb,Product D,North,1059.6844440389484,0.35339977272706735,4.084076336734855
Jun,Product D,West,1131.0215655200527,0.22939051190230442,3.8432450289110722
Apr,Product D,West,1121.2884264885092,0.21371214561491053,4.290512365642418
Jan,Product A,South,1370.7346575466463,0.37451821975516675,3.909506671075547
Jan,Product C,West,678.6838961052854,0.17535078026452042,2.594034511403992
May,Product C,South,1204.0648316351349,0.353263697585843,3.8893224493590735
Apr,Product D,North,1357.7522537433924,0.24520617175282125,3.95550471114535
Jan,Product A,South,466.42372479804493,0.25422863276537794,4.706928819819248
Apr,Product A,West,1095.895547775693,0.1925404844468452,3.6414402603111604
Feb,Product C,North,848.7460506976986,0.27191266018570476,5.0
Mar,Product A,East,975.5431980695063,0.19756335888286342,2.6706875594785946
Jan,Product A,South,1104.3029450615008,0.11178082427249571,5.0
May,Product A,North,853.8314307659343,0.18159958160330683,4.0205448232975165
Feb,Product B,South,797.2875762515165,0.10191371302197721,4.887667897874845
Apr,Product D,North,1010.2457252464073,0.39350643611705705,4.263841187246987
Jun,Product C,North,673.8262183411592,0.38972416294592427,5.0
Feb,Product C,South,674.2524613344443,0.21854658924169154,3.890110428357751
Jan,Product B,East,1203.811984886951,0.3185112563018938,3.32110365985775
Apr,Product D,North,655.3617894524032,0.20374182952312753,5.0
Mar,Product C,North,1199.8937502727636,0.30132794712579286,4.109215483294287
Feb,Product A,North,1138.7773878561854,0.3416290129137938,4.377246778899369
Jan,Product C,East,482.257981362821,0.3840268734076723,5.0
May,Product A,East,796.7306042993034,0.22006368275490162,3.374435806324452
Jun,Product B,West,1358.2328209142117,0.33498939488681434,4.676392718111406
Apr,Product A,South,705.6503406580955,0.17977853518963566,3.7280841948296874
Feb,Product C,East,860.6787213071838,0.39709969113809457,4.094264515484503
Feb,Product C,South,1138.6182679755689,0.10773087962930535,4.257823172307432
Mar,Product C,West,1235.0171527847785,0.2810586419503363,2.9998225108424514
Mar,Product B,South,924.5383341866512,0.29785179449539817,3.576930365743652
May,Product B,East,820.7469415925075,0.30641366712223866,5.0
Jun,Product D,South,1426.7109585095523,0.1361162736367267,4.908952950867837
May,Product C,East,1521.6698991392736,0.38155893504193916,4.149888338138212
Jan,Product A,South,1293.6574152345386,0.15435498371502485,4.394498766810314
Jan,Product B,East,1025.5954427695071,0.28682602097195237,3.964605995490834
May,Product C,East,757.5202835077221,0.1668028237369255,5.0
