{
	"info": {
		"_postman_id": "4f333514-1652-4bf5-9dbc-cae803c55671",
		"name": "3 Bill Pay Service (PBP)",
		"schema": "https://schema.getpostman.com/json/collection/v2.1.0/collection.json"
	},
	"item": [
		{
			"name": "MyPayeeList",
			"request": {
				"method": "GET",
				"header": [
					{
						"key": "x-consumer-id",
						"value": "{{x-consumer-id}}"
					},
					{
						"key": "x-operator-id",
						"value": "{{x-operator-id}}"
					}
				],
				"body": {
					"mode": "raw",
					"raw": ""
				},
				"url": {
					"raw": "{{url}}/v1/mypayees/",
					"host": [
						"{{url}}"
					],
					"path": [
						"v1",
						"mypayees",
						""
					]
				}
			},
			"response": []
		},
		{
			"name": "MyPayeeAdd",
			"request": {
				"method": "POST",
				"header": [
					{
						"key": "Content-Type",
						"value": "application/json"
					},
					{
						"key": "x-consumer-id",
						"value": "{{x-consumer-id}}"
					},
					{
						"key": "x-operator-id",
						"value": "{{x-operator-id}}"
					}
				],
				"body": {
					"mode": "raw",
					"raw": "{\n  \"nickName\" : \"Space 13\",\n  \"name\" : \"Space 13\",\n  \"accountNumber\" : \"34343434343434343434343434343434\",\n  \"address\" : {\n    \"address1\" : \"600 Chatham Park Dr\",\n    \"address2\" : null,\n    \"city\" : \"Pittsburgh\",\n    \"state\" : \"PA\",\n    \"zipCode\" : \"15220\"\n  },\n  \"phoneNumber\" : \"4123454534\",\n  \"fundingAccountNumber\" : \"1000838\",\n  \"fundingAbaNumber\" : \"043000096\",\n  \"fundingAccountDisplayName\" : \"Charlie x0838\",\n  \"_signature\" : null\n}"
				},
				"url": {
					"raw": "{{url}}/v1/mypayees",
					"host": [
						"{{url}}"
					],
					"path": [
						"v1",
						"mypayees"
					]
				}
			},
			"response": []
		},
		{
			"name": "ToeknAuth",
			"request": {
				"auth": {
					"type": "bearer"
				},
				"method": "POST",
				"header": [
					{
						"key": "Content-Type",
						"name": "Content-Type",
						"value": "application/x-www-form-urlencoded",
						"type": "text"
					}
				],
				"body": {
					"mode": "urlencoded",
					"urlencoded": [
						{
							"key": "client_id",
							"value": "03b0f8b1-0543-4016-bb55-46ea12e3e582",
							"type": "text"
						},
						{
							"key": "client_secret",
							"value": "D7yV0aM4lO4hL6bS3hS7hH1nC7tN6xE8jJ8aX6gH8fJ1bQ8lB6",
							"type": "text"
						},
						{
							"key": "grant_type",
							"value": "client_credentials",
							"type": "text"
						}
					]
				},
				"url": {
					"raw": "https://iam-idp-wf-uat.pncint.net/as/token.oauth2",
					"protocol": "https",
					"host": [
						"iam-idp-wf-uat",
						"pncint",
						"net"
					],
					"path": [
						"as",
						"token.oauth2"
					]
				}
			},
			"response": []
		},
		{
			"name": "PaymentChannel",
			"request": {
				"method": "GET",
				"header": [
					{
						"key": "x-consumer-id",
						"value": "{{x-consumer-id}}"
					},
					{
						"key": "x-operator-id",
						"value": "{{x-operator-id}}"
					}
				],
				"body": {
					"mode": "raw",
					"raw": ""
				},
				"url": {
					"raw": "{{url}}/v1/payments/channels",
					"host": [
						"{{url}}"
					],
					"path": [
						"v1",
						"payments",
						"channels"
					]
				}
			},
			"response": []
		},
		{
			"name": "BillPat Subscribers Active",
			"request": {
				"method": "GET",
				"header": [
					{
						"key": "x-consumer-id",
						"value": "{{x-consumer-id}}"
					},
					{
						"key": "x-operator-id",
						"value": "{{x-operator-id}}"
					}
				],
				"body": {
					"mode": "raw",
					"raw": ""
				},
				"url": {
					"raw": "{{url}}/v1/payments/channels",
					"host": [
						"{{url}}"
					],
					"path": [
						"v1",
						"payments",
						"channels"
					]
				}
			},
			"response": []
		},
		{
			"name": "bankaccounts",
			"request": {
				"auth": {
					"type": "noauth"
				},
				"method": "GET",
				"header": [
					{
						"key": "x-consumer-id",
						"value": "{{x-consumer-id}}"
					},
					{
						"key": "x-operator-id",
						"value": "{{x-operator-id}}"
					}
				],
				"body": {
					"mode": "raw",
					"raw": ""
				},
				"url": {
					"raw": "{{url}}/v1/bankaccounts",
					"host": [
						"{{url}}"
					],
					"path": [
						"v1",
						"bankaccounts"
					]
				}
			},
			"response": []
		},
		{
			"name": "bankaccounts LOCAL",
			"request": {
				"auth": {
					"type": "noauth"
				},
				"method": "GET",
				"header": [
					{
						"key": "x-consumer-id",
						"value": "{{x-consumer-id}}"
					},
					{
						"key": "x-operator-id",
						"value": "{{x-operator-id}}"
					}
				],
				"body": {
					"mode": "raw",
					"raw": ""
				},
				"url": {
					"raw": "{{url}}/v1/bankaccounts",
					"host": [
						"{{url}}"
					],
					"path": [
						"v1",
						"bankaccounts"
					]
				}
			},
			"response": []
		},
		{
			"name": "Cancel Bank Account (LOCAL)",
			"request": {
				"auth": {
					"type": "noauth"
				},
				"method": "DELETE",
				"header": [
					{
						"key": "x-consumer-id",
						"value": "{{x-consumer-id}}"
					},
					{
						"key": "x-operator-id",
						"value": "{{x-operator-id}}"
					},
					{
						"key": "Content-Type",
						"name": "Content-Type",
						"value": "application/json",
						"type": "text"
					}
				],
				"body": {
					"mode": "raw",
					"raw": "        {\n            \"routingTransitNumber\": \"043000096\",\n            \"accountType\": \"DDA\",\n            \"accountNumber\": \"529\",\n            \"confirmationStatus\": \"CONFIRMED\",\n            \"serviceName\": [\n                \"BillPay\"\n            ]\n        }"
				},
				"url": {
					"raw": "{{url}}/v1/bankaccounts",
					"host": [
						"{{url}}"
					],
					"path": [
						"v1",
						"bankaccounts"
					]
				}
			},
			"response": []
		},
		{
			"name": "Add Bank Account (LOCAL) Copy",
			"request": {
				"auth": {
					"type": "noauth"
				},
				"method": "POST",
				"header": [
					{
						"key": "x-consumer-id",
						"value": "{{x-consumer-id}}"
					},
					{
						"key": "x-operator-id",
						"value": "{{x-operator-id}}"
					},
					{
						"key": "Content-Type",
						"name": "Content-Type",
						"value": "application/json",
						"type": "text"
					}
				],
				"body": {
					"mode": "raw",
					"raw": "        {\n        \t\"preferredAccount\": false,\n            \"routingTransitNumber\": \"043000096\",\n            \"accountType\": \"DDA\",\n            \"accountNumber\": \"529\",\n            \"serviceName\": [\n                \"BillPay\"\n            ]\n        }"
				},
				"url": {
					"raw": "{{url}}/v1/bankaccounts",
					"host": [
						"{{url}}"
					],
					"path": [
						"v1",
						"bankaccounts"
					]
				}
			},
			"response": []
		},
		{
			"name": "Get Latest Payments (LOCAL)",
			"request": {
				"auth": {
					"type": "noauth"
				},
				"method": "GET",
				"header": [
					{
						"key": "x-consumer-id",
						"value": "{{x-consumer-id}}"
					},
					{
						"key": "x-operator-id",
						"value": "{{x-operator-id}}"
					}
				],
				"body": {
					"mode": "raw",
					"raw": ""
				},
				"url": {
					"raw": "http://localhost:8090/v1/payments?paymentStatusGroup=pendingApprovalGroup",
					"protocol": "http",
					"host": [
						"localhost"
					],
					"port": "8090",
					"path": [
						"v1",
						"payments"
					],
					"query": [
						{
							"key": "paymentStatusGroup",
							"value": "pendingApprovalGroup"
						}
					]
				}
			},
			"response": []
		},
		{
			"name": "Biller Search",
			"event": [
				{
					"listen": "prerequest",
					"script": {
						"id": "5d0246b7-bccf-4e77-aa36-37c12faf4def",
						"exec": [
							""
						],
						"type": "text/javascript"
					}
				}
			],
			"request": {
				"auth": {
					"type": "noauth"
				},
				"method": "GET",
				"header": [
					{
						"key": "x-consumer-id",
						"value": "{{x-consumer-id}}",
						"type": "text"
					},
					{
						"key": "x-operator-id",
						"value": "{{x-operator-id}}",
						"type": "text"
					},
					{
						"key": "Content-Type",
						"value": "application/json",
						"type": "text"
					}
				],
				"body": {
					"mode": "raw",
					"raw": ""
				},
				"url": {
					"raw": "{{url}}/v1/billers/search?name=test",
					"host": [
						"{{url}}"
					],
					"path": [
						"v1",
						"billers",
						"search"
					],
					"query": [
						{
							"key": "name",
							"value": "test"
						}
					]
				}
			},
			"response": []
		},
		{
			"name": "AddBiller",
			"request": {
				"method": "POST",
				"header": [
					{
						"key": "x-consumer-id",
						"value": "{{x-consumer-id}}",
						"type": "text"
					},
					{
						"key": "x-operator-id",
						"value": "{{x-operator-id}}",
						"type": "text"
					},
					{
						"key": "Content-Type",
						"value": "application/json",
						"type": "text"
					}
				],
				"body": {
					"mode": "raw",
					"raw": "{\n    \"payeeId\": 851,\n    \"name\": \"Test Biller 1\",\n    \"merchant\": {\n        \"merchantId\": 239\n    }\n}"
				},
				"url": {
					"raw": "{{url}}/v1/billers",
					"host": [
						"{{url}}"
					],
					"path": [
						"v1",
						"billers"
					]
				}
			},
			"response": []
		},
		{
			"name": "AddManualBiller",
			"request": {
				"auth": {
					"type": "noauth"
				},
				"method": "POST",
				"header": [
					{
						"key": "x-consumer-id",
						"value": "{{x-consumer-id}}",
						"type": "text"
					},
					{
						"key": "x-operator-id",
						"value": "{{x-operator-id}}",
						"type": "text"
					},
					{
						"key": "Content-Type",
						"value": "application/json",
						"type": "text"
					}
				],
				"body": {
					"mode": "raw",
					"raw": "{\n    \"payeeId\": 10500,\n    \"name\": \"VENKAT1 MANUAL BILLER TEST\",\n    \"phoneNumberMatch\": true,\n    \"addressMatch\": true\n}"
				},
				"url": {
					"raw": "{{url}}/v1/payees/individual",
					"host": [
						"{{url}}"
					],
					"path": [
						"v1",
						"payees",
						"individual"
					]
				}
			},
			"response": []
		},
		{
			"name": "Modify Manual Biller",
			"request": {
				"auth": {
					"type": "noauth"
				},
				"method": "PUT",
				"header": [
					{
						"key": "x-consumer-id",
						"type": "text",
						"value": "{{x-consumer-id}}"
					},
					{
						"key": "x-operator-id",
						"type": "text",
						"value": "{{x-operator-id}}"
					},
					{
						"key": "Content-Type",
						"type": "text",
						"value": "application/json"
					}
				],
				"body": {
					"mode": "raw",
					"raw": "{\n    \"payeeId\": 10423,\n    \"name\": \"MANIKANDAN MANUAL BILLER TEST\",\n    \"phoneNumberMatch\": true,\n    \"addressMatch\": true,\n    \"phoneNumber\": \"\",\n    \"address\": {\n        \"address1\": \"\",\n        \"city\": \"\",\n        \"state\": \"\",\n        \"zipCode\": \"\"\n    }\n}"
				},
				"url": {
					"raw": "{{url}}/v1/payees/10423",
					"host": [
						"{{url}}"
					],
					"path": [
						"v1",
						"payees",
						"10423"
					]
				}
			},
			"response": []
		},
		{
			"name": "Modify Biller",
			"request": {
				"auth": {
					"type": "noauth"
				},
				"method": "PUT",
				"header": [
					{
						"key": "x-consumer-id",
						"type": "text",
						"value": "{{x-consumer-id}}"
					},
					{
						"key": "x-operator-id",
						"type": "text",
						"value": "{{x-operator-id}}"
					},
					{
						"key": "Content-Type",
						"type": "text",
						"value": "application/json"
					}
				],
				"body": {
					"mode": "raw",
					"raw": "{\n\"payeeId\":10010,\n\"name\": \"MANIKANDAN\",\n\"phoneNumberMatch\" : false,\n\"addressMatch\" : false,\n\"phoneNumber\": \"4126526789\",\n\"allowModifyPayments\": false,\n\"addressLookupRequired\": true,\n\"address\" : {\n\t\"address1\" : \"600 Chatham Park Dr\",\n\t\"city\" : \"Pittsburgh\",\n\t\"state\" : \"PA\",\n\t\"zipCode\" : \"15220\"\n}\n}"
				},
				"url": {
					"raw": "{{url}}/v1/payees/",
					"host": [
						"{{url}}"
					],
					"path": [
						"v1",
						"payees",
						""
					]
				}
			},
			"response": []
		},
		{
			"name": "Add Payment",
			"request": {
				"method": "POST",
				"header": [
					{
						"key": "x-consumer-id",
						"value": "{{x-consumer-id}}",
						"type": "text"
					},
					{
						"key": "x-operator-id",
						"value": "{{x-operator-id}}",
						"type": "text"
					},
					{
						"key": "Content-Type",
						"value": "application/json",
						"type": "text"
					}
				],
				"body": {
					"mode": "raw",
					"raw": "[\n  {\n    \"allowDuplicatePayments\": true,\n    \"payeeId\": \"1\",\n    \"paymentDate\": \"2019-04-25\",\n    \"paymentAmount\": \"300\",\n    \"listItemId\": 0,\n    \"bankAccount\": {\n      \"routingTransitNumber\": \"031000053\",\n      \"accountType\": \"DDA\",\n      \"accountNumber\": \"62532512\"\n    },\n    \"memo\": \"paymentMemo\",\n    \"note\": \"paymentNote\"\n  },\n  {\n    \"allowDuplicatePayments\": true,\n    \"payeeId\": \"1\",\n    \"paymentDate\": \"2019-04-25\",\n    \"paymentAmount\": \"400\",\n    \"listItemId\": 1,\n    \"bankAccount\": {\n      \"routingTransitNumber\": \"031000053\",\n      \"accountType\": \"DDA\",\n      \"accountNumber\": \"62532512\"\n    },\n    \"memo\": \"paymentMemo\",\n    \"note\": \"paymentNote\"\n  }\n]"
				},
				"url": {
					"raw": "{{url}}/v1/payments",
					"host": [
						"{{url}}"
					],
					"path": [
						"v1",
						"payments"
					]
				}
			},
			"response": []
		},
		{
			"name": "Cancel Payment",
			"request": {
				"method": "DELETE",
				"header": [
					{
						"key": "x-consumer-id",
						"value": "{{x-consumer-id}}",
						"type": "text"
					},
					{
						"key": "x-operator-id",
						"value": "{{x-operator-id}}",
						"type": "text"
					},
					{
						"key": "Content-Type",
						"value": "application/json",
						"type": "text"
					}
				],
				"body": {
					"mode": "raw",
					"raw": ""
				},
				"url": {
					"raw": "{{url}}/v1/payments/20190402064656044305",
					"host": [
						"{{url}}"
					],
					"path": [
						"v1",
						"payments",
						"20190402064656044305"
					]
				}
			},
			"response": []
		},
		{
			"name": "Bulk Approve Payment",
			"request": {
				"method": "POST",
				"header": [
					{
						"key": "x-consumer-id",
						"type": "text",
						"value": "{{x-consumer-id}}"
					},
					{
						"key": "x-operator-id",
						"type": "text",
						"value": "{{x-operator-id}}"
					},
					{
						"key": "Content-Type",
						"type": "text",
						"value": "application/json"
					}
				],
				"body": {
					"mode": "raw",
					"raw": "[\n\t{\n\t\t\"traceId\": 3263700,\n\t\t\"_signature\": \"fHNC4pOHDgdf4s0LI901jmw2VwMJwhgPJ2GhYSOrmAI=\"\n\t},\n\t{\n\t\t\"traceId\": 3263701,\n\t\t\"_signature\": \"fHNC4pOHDgdf4s0LI901jmw2VwMJwhgPH71j1ow0ces=\"\n\t}\n]"
				},
				"url": {
					"raw": "{{url}}/v1/payments/approval",
					"host": [
						"{{url}}"
					],
					"path": [
						"v1",
						"payments",
						"approval"
					]
				}
			},
			"response": []
		},
		{
			"name": "Bulk Cancel Payment",
			"request": {
				"method": "POST",
				"header": [
					{
						"key": "x-consumer-id",
						"type": "text",
						"value": "{{x-consumer-id}}"
					},
					{
						"key": "x-operator-id",
						"type": "text",
						"value": "{{x-operator-id}}"
					},
					{
						"key": "Content-Type",
						"type": "text",
						"value": "application/json"
					}
				],
				"body": {
					"mode": "raw",
					"raw": "[\n\t{\n\t\t\"traceId\": 3263600,\n\t\t\"_signature\": \"fHNC4pOHDgdf4s0LI901jmw2VwMJwhgPesSS1ghBBHQ=\"\n\t},\n\t{\n\t\t\"traceId\": 3263601,\n\t\t\"_signature\": \"fHNC4pOHDgdf4s0LI901jmw2VwMJwhgPKFrZ7fbTu/Q=\"\n\t}\n]"
				},
				"url": {
					"raw": "{{url}}/v1/payments/cancel",
					"host": [
						"{{url}}"
					],
					"path": [
						"v1",
						"payments",
						"cancel"
					]
				}
			},
			"response": []
		},
		{
			"name": "Bulk Reject Payment",
			"request": {
				"method": "POST",
				"header": [
					{
						"key": "x-consumer-id",
						"type": "text",
						"value": "{{x-consumer-id}}"
					},
					{
						"key": "x-operator-id",
						"type": "text",
						"value": "{{x-operator-id}}"
					},
					{
						"key": "Content-Type",
						"type": "text",
						"value": "application/json"
					}
				],
				"body": {
					"mode": "raw",
					"raw": "[\n\t{\n\t\t\"traceId\": 3263650,\n\t\t\"_signature\": \"fHNC4pOHDgdf4s0LI901jmw2VwMJwhgP0unMkxIokKc=\"\n\t},\n\t{\n\t\t\"traceId\": 3263651,\n\t\t\"_signature\": \"fHNC4pOHDgdf4s0LI901jmw2VwMJwhgPbhW4Pje2vgI=\"\n\t}\n]"
				},
				"url": {
					"raw": "{{url}}/v1/payments/reject",
					"host": [
						"{{url}}"
					],
					"path": [
						"v1",
						"payments",
						"reject"
					]
				}
			},
			"response": []
		},
		{
			"name": "Add Payment",
			"request": {
				"method": "POST",
				"header": [
					{
						"key": "x-consumer-id",
						"value": "{{x-consumer-id}}",
						"type": "text"
					},
					{
						"key": "x-operator-id",
						"value": "{{x-operator-id}}",
						"type": "text"
					},
					{
						"key": "Content-Type",
						"value": "application/json",
						"type": "text"
					}
				],
				"body": {
					"mode": "raw",
					"raw": "[\r\n    {\r\n        \"allowDuplicatePayments\": true,\r\n        \"payeeId\": \"6083\",\r\n        \"paymentDate\": \"2019-05-26\",\r\n        \"paymentAmount\": \"42.00\",\r\n        \"listItemId\": 1,\r\n        \"bankAccount\": {\r\n            \"routingTransitNumber\": \"031000053\",\r\n            \"accountType\": \"DDA\",\r\n            \"accountNumber\": \"12345678\"\r\n        }\r\n    }\r\n]"
				},
				"url": {
					"raw": "{{url}}/v1/payments",
					"host": [
						"{{url}}"
					],
					"path": [
						"v1",
						"payments"
					]
				}
			},
			"response": []
		},
		{
			"name": "PaymentList",
			"request": {
				"auth": {
					"type": "noauth"
				},
				"method": "GET",
				"header": [
					{
						"key": "x-consumer-id",
						"value": "{{x-consumer-id}}",
						"type": "text"
					},
					{
						"key": "x-operator-id",
						"value": "{{x-operator-id}}",
						"type": "text"
					}
				],
				"body": {
					"mode": "raw",
					"raw": ""
				},
				"url": {
					"raw": "{{url}}/v1/payments?paymentStatus=ALL&numberOfDays=300&paymentStartDate=2019-06-17&paymentStatusGroup=allGroup",
					"host": [
						"{{url}}"
					],
					"path": [
						"v1",
						"payments"
					],
					"query": [
						{
							"key": "paymentStatus",
							"value": "ALL"
						},
						{
							"key": "numberOfDays",
							"value": "300"
						},
						{
							"key": "paymentStartDate",
							"value": "2019-06-17"
						},
						{
							"key": "paymentStatusGroup",
							"value": "allGroup"
						}
					]
				}
			},
			"response": []
		},
		{
			"name": "PaymentList Latest",
			"request": {
				"auth": {
					"type": "noauth"
				},
				"method": "GET",
				"header": [
					{
						"key": "x-consumer-id",
						"type": "text",
						"value": "{{x-consumer-id}}"
					},
					{
						"key": "x-operator-id",
						"type": "text",
						"value": "{{x-operator-id}}"
					}
				],
				"body": {
					"mode": "raw",
					"raw": ""
				},
				"url": {
					"raw": "{{url}}/v1/payments?paymentStatusGroup=pendingApprovalGroup",
					"host": [
						"{{url}}"
					],
					"path": [
						"v1",
						"payments"
					],
					"query": [
						{
							"key": "paymentStatusGroup",
							"value": "pendingApprovalGroup"
						}
					]
				}
			},
			"response": []
		},
		{
			"name": "PaymentList Latest Direct",
			"request": {
				"auth": {
					"type": "noauth"
				},
				"method": "GET",
				"header": [
					{
						"key": "x-consumer-id",
						"type": "text",
						"value": "{{x-consumer-id}}"
					},
					{
						"key": "x-operator-id",
						"type": "text",
						"value": "{{x-operator-id}}"
					}
				],
				"body": {
					"mode": "raw",
					"raw": ""
				},
				"url": {
					"raw": "https://billpay-pbp-test-qa.ocp.qa.pncint.net/v1/payments?paymentStatusGroup=scheduledGroup",
					"protocol": "https",
					"host": [
						"billpay-pbp-test-qa",
						"ocp",
						"qa",
						"pncint",
						"net"
					],
					"path": [
						"v1",
						"payments"
					],
					"query": [
						{
							"key": "paymentStatusGroup",
							"value": "scheduledGroup"
						}
					]
				}
			},
			"response": []
		},
		{
			"name": "Initiate Payment",
			"request": {
				"method": "POST",
				"header": [
					{
						"key": "x-consumer-id",
						"value": "{{x-consumer-id}}",
						"type": "text"
					},
					{
						"key": "x-operator-id",
						"value": "{{x-operator-id}}",
						"type": "text"
					},
					{
						"key": "Content-Type",
						"value": "application/json",
						"type": "text"
					}
				],
				"body": {
					"mode": "raw",
					"raw": "{\n  \"bankAccount\": {\n    \"routingTransitNumber\": \"043000096\",\n    \"accountNumber\": \"529\",\n    \"accountType\": \"DDA\"\n  },\n  \"payeeId\": 12058,\n  \"paymentAmount\": 10,\n  \"paymentDate\": \"2019-10-5\",\n  \"allowDuplicatePayments\": false\n}"
				},
				"url": {
					"raw": "{{url}}/v1/payments/initiate",
					"host": [
						"{{url}}"
					],
					"path": [
						"v1",
						"payments",
						"initiate"
					]
				}
			},
			"response": []
		},
		{
			"name": "Modify Payment",
			"request": {
				"method": "PUT",
				"header": [
					{
						"key": "x-consumer-id",
						"value": "{{x-consumer-id}}",
						"type": "text"
					},
					{
						"key": "x-operator-id",
						"value": "{{x-operator-id}}",
						"type": "text"
					},
					{
						"key": "Content-Type",
						"value": "application/json",
						"type": "text"
					}
				],
				"body": {
					"mode": "raw",
					"raw": "{\n  \"bankAccount\": {\n    \"routingTransitNumber\": \"043000096\",\n    \"accountNumber\": \"529\",\n    \"accountType\": \"DDA\"\n  },\n  \"payeeId\": 12058,\n  \"paymentAmount\": 25.75,\n  \"paymentDate\": \"2019-10-18\",\n  \"memo\": \"Sample\",\n  \"note\": \"Sample\",\n\t\"traceId\": 3246000,\n\t\"_signature\": \"fHNC4pOHDgfwz4FsRn1vzWw2VwMJwhgPHoDlnkLUX2k=\"\n}"
				},
				"url": {
					"raw": "{{url}}/v1/payments/3246000",
					"host": [
						"{{url}}"
					],
					"path": [
						"v1",
						"payments",
						"3246000"
					]
				}
			},
			"response": []
		},
		{
			"name": "Payment Approval",
			"request": {
				"method": "POST",
				"header": [
					{
						"key": "x-consumer-id",
						"value": "{{x-consumer-id}}",
						"type": "text"
					},
					{
						"key": "x-operator-id",
						"value": "admin2",
						"type": "text"
					},
					{
						"key": "Content-Type",
						"value": "application/json",
						"type": "text"
					}
				],
				"body": {
					"mode": "raw",
					"raw": ""
				},
				"url": {
					"raw": "{{url}}/v1/payments/2711050/approval",
					"host": [
						"{{url}}"
					],
					"path": [
						"v1",
						"payments",
						"2711050",
						"approval"
					]
				}
			},
			"response": []
		},
		{
			"name": "Payment Metrics",
			"protocolProfileBehavior": {
				"disableBodyPruning": true
			},
			"request": {
				"method": "GET",
				"header": [
					{
						"key": "x-consumer-id",
						"value": "{{x-consumer-id}}",
						"type": "text"
					},
					{
						"key": "x-operator-id",
						"value": "{{x-operator-id}}",
						"type": "text"
					},
					{
						"key": "Content-Type",
						"value": "application/json",
						"type": "text"
					}
				],
				"body": {
					"mode": "raw",
					"raw": ""
				},
				"url": {
					"raw": "{{url}}/v1/payments/metrics",
					"host": [
						"{{url}}"
					],
					"path": [
						"v1",
						"payments",
						"metrics"
					]
				}
			},
			"response": []
		},
		{
			"name": "Add Payee (mypayee)",
			"request": {
				"method": "POST",
				"header": [
					{
						"key": "x-consumer-id",
						"value": "{{x-consumer-id}}",
						"type": "text"
					},
					{
						"key": "x-operator-id",
						"value": "{{x-operator-id}}",
						"type": "text"
					},
					{
						"key": "Content-Type",
						"value": "application/json",
						"type": "text"
					}
				],
				"body": {
					"mode": "raw",
					"raw": "{\n  \"payeeId\": 10959,\n  \"name\": \"MXB FISERV-7 NAME\",\n  \"phoneNumberMatch\": true,\n  \"addressMatch\": true\n}\n"
				},
				"url": {
					"raw": "{{url}}/v1/payees/individual",
					"host": [
						"{{url}}"
					],
					"path": [
						"v1",
						"payees",
						"individual"
					]
				}
			},
			"response": []
		},
		{
			"name": "Get Payee By ID",
			"request": {
				"method": "GET",
				"header": [
					{
						"key": "x-consumer-id",
						"type": "text",
						"value": "{{x-consumer-id}}"
					},
					{
						"key": "x-operator-id",
						"type": "text",
						"value": "{{x-operator-id}}"
					},
					{
						"key": "Content-Type",
						"type": "text",
						"value": "application/json"
					}
				],
				"body": {
					"mode": "raw",
					"raw": ""
				},
				"url": {
					"raw": "{{url}}/v1/payees/51403",
					"host": [
						"{{url}}"
					],
					"path": [
						"v1",
						"payees",
						"51403"
					]
				}
			},
			"response": []
		},
		{
			"name": "getSubscriberInfo",
			"request": {
				"auth": {
					"type": "noauth"
				},
				"method": "GET",
				"header": [
					{
						"key": "x-consumer-id",
						"value": "{{x-consumer-id}}"
					},
					{
						"key": "x-operator-id",
						"value": "{{x-operator-id}}"
					}
				],
				"body": {
					"mode": "raw",
					"raw": ""
				},
				"url": {
					"raw": "{{url}}/v1/subscribers/",
					"host": [
						"{{url}}"
					],
					"path": [
						"v1",
						"subscribers",
						""
					]
				}
			},
			"response": []
		},
		{
			"name": "metrics",
			"request": {
				"auth": {
					"type": "noauth"
				},
				"method": "GET",
				"header": [
					{
						"key": "x-consumer-id",
						"value": "{{x-consumer-id}}"
					},
					{
						"key": "x-operator-id",
						"value": "{{x-operator-id}}"
					}
				],
				"body": {
					"mode": "raw",
					"raw": ""
				},
				"url": {
					"raw": "{{url}}/v1/payments/metrics",
					"host": [
						"{{url}}"
					],
					"path": [
						"v1",
						"payments",
						"metrics"
					]
				}
			},
			"response": []
		},
		{
			"name": "Add Payee (Biller Payee)",
			"request": {
				"method": "POST",
				"header": [
					{
						"key": "x-consumer-id",
						"value": "{{x-consumer-id}}",
						"type": "text"
					},
					{
						"key": "x-operator-id",
						"value": "{{x-operator-id}}",
						"type": "text"
					},
					{
						"key": "Content-Type",
						"value": "application/json",
						"type": "text"
					}
				],
				"body": {
					"mode": "raw",
					"raw": "[\n  {\n    \"allowDuplicatePayments\": true,\n    \"payeeId\": \"1\",\n    \"paymentDate\": \"2019-04-25\",\n    \"paymentAmount\": \"300\",\n    \"listItemId\": 0,\n    \"bankAccount\": {\n      \"routingTransitNumber\": \"031000053\",\n      \"accountType\": \"DDA\",\n      \"accountNumber\": \"62532512\"\n    },\n    \"memo\": \"paymentMemo\",\n    \"note\": \"paymentNote\"\n  },\n  {\n    \"allowDuplicatePayments\": true,\n    \"payeeId\": \"1\",\n    \"paymentDate\": \"2019-04-25\",\n    \"paymentAmount\": \"400\",\n    \"listItemId\": 1,\n    \"bankAccount\": {\n      \"routingTransitNumber\": \"031000053\",\n      \"accountType\": \"DDA\",\n      \"accountNumber\": \"62532512\"\n    },\n    \"memo\": \"paymentMemo\",\n    \"note\": \"paymentNote\"\n  }\n]"
				},
				"url": {
					"raw": "{{url}}/v1/payments",
					"host": [
						"{{url}}"
					],
					"path": [
						"v1",
						"payments"
					]
				}
			},
			"response": []
		},
		{
			"name": "Enroll a  new Subscriber (Given companyId)",
			"request": {
				"auth": {
					"type": "noauth"
				},
				"method": "POST",
				"header": [
					{
						"key": "x-consumer-id",
						"value": "{{x-consumer-id}}"
					},
					{
						"key": "x-operator-id",
						"value": "{{x-operator-id}}"
					},
					{
						"key": "Content-Type",
						"value": "application/json"
					}
				],
				"body": {
					"mode": "raw",
					"raw": "{\r\n  \"billingClass\": \"505\",\r\n  \"birthDate\": \"1990-10-10\",\r\n  \"businessName\": \"commercial\",\r\n  \"dayPhoneNumber\": \"2018526531\",\r\n  \"fulfillmentCode\": \"0000\",\r\n  \"emailAddress\": \"abcdss@pnc.com\",\r\n  \"taxId\": \"111115555\",\r\n  \"firstName\": \"sdfsdf\",\r\n  \"lastName\": \"sdfaaaa\",\r\n  \"middleName\": \"aa\",\r\n  \"nickName\": \"assds\",\r\n  \"prefix\": \"A\",\r\n  \"subscriberAddress\": {\r\n    \"address1\": \"teststreet1\",\r\n    \"address2\": \"teststreet2\",\r\n    \"city\": \"testcity\",\r\n    \"state\": \"AK\",\r\n    \"zipCode\": \"45613\"\r\n  },\r\n  \"products\": [\r\n    {\r\n      \"name\": \"BLDR\",\r\n      \"version\": \"0400\"\r\n    }\r\n  ],\r\n  \"bankAccount\": {\r\n    \"routingTransitNumber\": \"043000096\",\r\n    \"accountNumber\": \"1001342322\",\r\n    \"accountType\": \"DDA\",\r\n    \"nickName\": \"\",\r\n    \"preferredAccount\": true,\r\n    \"domesticAddress\": {\r\n      \"address1\": \"teststreet1\",\r\n    \"address2\": \"teststreet2\",\r\n    \"city\": \"testcity\",\r\n    \"state\": \"AK\",\r\n    \"zipCode\": \"45613\"\r\n    },\r\n    \"businessName\": \"commercial\"\r\n  }\r\n}\r\n"
				},
				"url": {
					"raw": "{{url}}/v1/subscribers",
					"host": [
						"{{url}}"
					],
					"path": [
						"v1",
						"subscribers"
					]
				}
			},
			"response": []
		},
		{
			"name": "Get Subscriber",
			"request": {
				"auth": {
					"type": "noauth"
				},
				"method": "GET",
				"header": [
					{
						"key": "x-consumer-id",
						"value": "{{x-consumer-id}}"
					},
					{
						"key": "x-operator-id",
						"value": "{{x-operator-id}}"
					},
					{
						"key": "Content-Type",
						"value": "application/json"
					}
				],
				"body": {
					"mode": "raw",
					"raw": ""
				},
				"url": {
					"raw": "{{url}}/v1/subscribers",
					"host": [
						"{{url}}"
					],
					"path": [
						"v1",
						"subscribers"
					]
				}
			},
			"response": []
		},
		{
			"name": "Enroll a  new Subscriber (Given companyId) LOCAL",
			"request": {
				"auth": {
					"type": "noauth"
				},
				"method": "POST",
				"header": [
					{
						"key": "x-consumer-id",
						"value": "420111"
					},
					{
						"key": "x-operator-id",
						"value": "admin1"
					},
					{
						"key": "Content-Type",
						"value": "application/json"
					}
				],
				"body": {
					"mode": "raw",
					"raw": "{\r\n  \"billingClass\": \"505\",\r\n  \"birthDate\": \"1990-10-10\",\r\n  \"businessName\": \"commercial\",\r\n  \"dayPhoneNumber\": \"9592829277\",\r\n  \"fulfillmentCode\": \"0000\",\r\n  \"emailAddress\": \"abcdss@pnc.com\",\r\n  \"taxId\": \"111115555\",\r\n  \"firstName\": \"sdfsdf\",\r\n  \"lastName\": \"sdfaaaa\",\r\n  \"middleName\": \"aa\",\r\n  \"nickName\": \"assds\",\r\n  \"prefix\": \"A\",\r\n  \"subscriberAddress\": {\r\n    \"address1\": \"fdsfdsf\",\r\n    \"address2\": \"strsdfdsfing\",\r\n    \"city\": \"pittsburgh\",\r\n    \"state\": \"PA\",\r\n    \"zipCode\": \"15220\"\r\n  },\r\n  \"products\": [\r\n    {\r\n      \"name\": \"BLDR\",\r\n      \"version\": \"0400\"\r\n    }\r\n  ],\r\n  \"bankAccount\": {\r\n    \"routingTransitNumber\": \"031000053\",\r\n    \"accountNumber\": \"12345678\",\r\n    \"accountType\": \"DDA\",\r\n    \"nickName\": \"nicknm1\",\r\n    \"preferredAccount\": true,\r\n    \"domesticAddress\": {\r\n      \"address1\": \"abc add 1\",\r\n      \"address2\": \"abc add 2\",\r\n      \"city\": \"pittsburgh\",\r\n      \"state\": \"PA\",\r\n      \"zipCode\": \"15220\"\r\n    },\r\n    \"businessName\": \"commercial\"\r\n  }\r\n}\r\n"
				},
				"url": {
					"raw": "http://localhost:8090/v1/subscribers/",
					"protocol": "http",
					"host": [
						"localhost"
					],
					"port": "8090",
					"path": [
						"v1",
						"subscribers",
						""
					]
				}
			},
			"response": []
		},
		{
			"name": "subscribers re-activation",
			"request": {
				"auth": {
					"type": "noauth"
				},
				"method": "PUT",
				"header": [
					{
						"key": "x-consumer-id",
						"value": "{{x-consumer-id}}",
						"type": "text"
					},
					{
						"key": "x-operator-id",
						"value": "{{x-operator-id}}",
						"type": "text"
					},
					{
						"key": "Content-Type",
						"value": "application/json",
						"type": "text"
					}
				],
				"body": {
					"mode": "raw",
					"raw": "{\r\n  \"billingClass\": \"505\",\r\n  \"birthDate\": \"1990-10-10\",\r\n  \"businessName\": \"commercial\",\r\n  \"dayPhoneNumber\": \"9592829277\",\r\n  \"fulfillmentCode\": \"0000\",\r\n  \"emailAddress\": \"abcdss@pnc.com\",\r\n  \"taxId\": \"111115555\",\r\n  \"firstName\": \"sdfsdf\",\r\n  \"lastName\": \"sdfaaaa\",\r\n  \"middleName\": \"aa\",\r\n  \"nickName\": \"assds\",\r\n  \"prefix\": \"A\",\r\n  \"subscriberAddress\": {\r\n    \"address1\": \"fdsfdsf\",\r\n    \"address2\": \"strsdfdsfing\",\r\n    \"city\": \"pittsburgh\",\r\n    \"state\": \"PA\",\r\n    \"zipCode\": \"15220\"\r\n  },\r\n  \"products\": [\r\n    {\r\n      \"name\": \"BLDR\",\r\n      \"version\": \"0400\"\r\n    }\r\n  ],\r\n  \"bankAccount\": {\r\n    \"routingTransitNumber\": \"031000053\",\r\n    \"accountNumber\": \"8611111115\",\r\n    \"accountType\": \"DDA\",\r\n    \"nickName\": \"nicknm1\",\r\n    \"preferredAccount\": true,\r\n    \"domesticAddress\": {\r\n      \"address1\": \"abc add 1\",\r\n      \"address2\": \"abc add 2\",\r\n      \"city\": \"pittsburgh\",\r\n      \"state\": \"PA\",\r\n      \"zipCode\": \"15220\"\r\n    },\r\n    \"businessName\": \"commercial\"\r\n  }\r\n}\r\n"
				},
				"url": {
					"raw": "{{url}}/v1/subscribers/activation",
					"host": [
						"{{url}}"
					],
					"path": [
						"v1",
						"subscribers",
						"activation"
					]
				}
			},
			"response": []
		},
		{
			"name": "subscribers activation",
			"request": {
				"auth": {
					"type": "noauth"
				},
				"method": "DELETE",
				"header": [
					{
						"key": "x-consumer-id",
						"value": "{{x-consumer-id}}",
						"type": "text"
					},
					{
						"key": "x-operator-id",
						"value": "{{x-operator-id}}",
						"type": "text"
					},
					{
						"key": "Content-Type",
						"value": "application/json",
						"type": "text"
					}
				],
				"body": {
					"mode": "raw",
					"raw": ""
				},
				"url": {
					"raw": "{{url}}/v1/subscribers/activation",
					"host": [
						"{{url}}"
					],
					"path": [
						"v1",
						"subscribers",
						"activation"
					]
				}
			},
			"response": []
		},
		{
			"name": "MyPayeeModify",
			"request": {
				"method": "PUT",
				"header": [
					{
						"key": "Content-Type",
						"value": "application/json",
						"type": "text"
					},
					{
						"key": "x-consumer-id",
						"value": "{{x-consumer-id}}",
						"type": "text"
					},
					{
						"key": "x-operator-id",
						"value": "{{x-operator-id}}",
						"type": "text"
					}
				],
				"body": {
					"mode": "raw",
					"raw": "{\n\t\"name\": \"MXB FISERV-7 NAME\",\n    \"nickName\": \"MXB FISERV-7 NICK NAAME\",\n\t\"payeeId\": 10959,\n    \"accountNumber\": \"CHARLIEPAY\",\n\t\"phoneNumber\": \"2018526531\",\n\t\"address\": {\n\t        \"address1\": \"528 Chatham Park Dr\",\n\t        \"city\": \"Pittsburgh\",\n\t        \"state\": \"PA\",\n\t        \"zipCode\": \"15220\"\n\t    },\n\t    \"billerPayee\": {\n\t    \t     \"name\": \"MXBRAVI FISERV-7 NAME\",\n\t    \t\t\"allowModifyPayments\": false,\n\t\t    \t \"payeeId\": 10959,\n\t\t         \"phoneNumberMatch\": true,\n\t\t         \"addressMatch\": true\n\t    }\n}\n"
				},
				"url": {
					"raw": "{{url}}/v1/mypayees/10959",
					"host": [
						"{{url}}"
					],
					"path": [
						"v1",
						"mypayees",
						"10959"
					]
				}
			},
			"response": []
		},
		{
			"name": "MyPayeeDelete",
			"request": {
				"method": "DELETE",
				"header": [
					{
						"key": "x-consumer-id",
						"value": "{{x-consumer-id}}",
						"type": "text"
					},
					{
						"key": "x-operator-id",
						"value": "{{x-operator-id}}",
						"type": "text"
					},
					{
						"key": "Content-Type",
						"value": "application/json",
						"type": "text"
					}
				],
				"body": {
					"mode": "raw",
					"raw": ""
				},
				"url": {
					"raw": "{{url}}/v1/mypayees/6121?cancelPendingPayments=false",
					"host": [
						"{{url}}"
					],
					"path": [
						"v1",
						"mypayees",
						"6121"
					],
					"query": [
						{
							"key": "cancelPendingPayments",
							"value": "false"
						}
					]
				}
			},
			"response": []
		},
		{
			"name": "PING MQ",
			"request": {
				"method": "GET",
				"header": [],
				"body": {
					"mode": "raw",
					"raw": ""
				},
				"url": {
					"raw": "{{url}}/v1/ping/mq?message=Mik",
					"host": [
						"{{url}}"
					],
					"path": [
						"v1",
						"ping",
						"mq"
					],
					"query": [
						{
							"key": "message",
							"value": "Mik"
						}
					]
				}
			},
			"response": []
		},
		{
			"name": "PING MQ receive",
			"request": {
				"method": "GET",
				"header": [],
				"body": {
					"mode": "raw",
					"raw": ""
				},
				"url": {
					"raw": "{{url}}/v1/ping/receive",
					"host": [
						"{{url}}"
					],
					"path": [
						"v1",
						"ping",
						"receive"
					]
				}
			},
			"response": []
		},
		{
			"name": "PING MQ PROD",
			"request": {
				"method": "GET",
				"header": [],
				"body": {
					"mode": "raw",
					"raw": ""
				},
				"url": {
					"raw": "https://billpay-pbp-prod.ocp.gf2.prod.pncint.net/v1/ping/mq?message=test",
					"protocol": "https",
					"host": [
						"billpay-pbp-prod",
						"ocp",
						"gf2",
						"prod",
						"pncint",
						"net"
					],
					"path": [
						"v1",
						"ping",
						"mq"
					],
					"query": [
						{
							"key": "message",
							"value": "test"
						}
					]
				}
			},
			"response": []
		},
		{
			"name": "PING MQ Copy",
			"request": {
				"method": "GET",
				"header": [],
				"body": {
					"mode": "raw",
					"raw": ""
				},
				"url": {
					"raw": "{{url}}/v1/ping/mq?message=RAVI",
					"host": [
						"{{url}}"
					],
					"path": [
						"v1",
						"ping",
						"mq"
					],
					"query": [
						{
							"key": "message",
							"value": "RAVI"
						}
					]
				}
			},
			"response": []
		},
		{
			"name": "Clear Cache by companyId",
			"request": {
				"method": "DELETE",
				"header": [
					{
						"key": "x-consumer-id",
						"value": "{{x-consumer-id}}",
						"type": "text"
					},
					{
						"key": "x-operator-id",
						"value": "{{x-operator-id}}",
						"type": "text"
					}
				],
				"body": {
					"mode": "raw",
					"raw": ""
				},
				"url": {
					"raw": "{{url}}/v1/cache/company",
					"host": [
						"{{url}}"
					],
					"path": [
						"v1",
						"cache",
						"company"
					]
				}
			},
			"response": []
		},
		{
			"name": "Clear Cache by cacheType",
			"request": {
				"method": "DELETE",
				"header": [
					{
						"key": "x-consumer-id",
						"type": "text",
						"value": "{{x-consumer-id}}"
					},
					{
						"key": "x-operator-id",
						"type": "text",
						"value": "{{x-operator-id}}"
					}
				],
				"body": {
					"mode": "raw",
					"raw": ""
				},
				"url": {
					"raw": "{{url}}/v1/cache?cacheType=payments",
					"host": [
						"{{url}}"
					],
					"path": [
						"v1",
						"cache"
					],
					"query": [
						{
							"key": "cacheType",
							"value": "payments"
						}
					]
				}
			},
			"response": []
		}
	]
}