{
	"info": {
		"_postman_id": "e5a694d9-b2c7-44da-9f3b-f61ed6299eb9",
		"name": "Audit Report",
		"schema": "https://schema.getpostman.com/json/collection/v2.1.0/collection.json"
	},
	"item": [
		{
			"name": "getAuditReportData",
			"request": {
				"auth": {
					"type": "basic",
					"basic": [
						{
							"key": "password",
							"value": "mQ7T2q ",
							"type": "string"
						},
						{
							"key": "username",
							"value": "pwo-serviceid",
							"type": "string"
						}
					]
				},
				"method": "POST",
				"header": [
					{
						"key": "Content-Type",
						"name": "Content-Type",
						"value": "application/json",
						"type": "text"
					}
				],
				"body": {
					"mode": "raw",
					"raw": "{\n\t\"profileInfo\" : {\n\t\t\"companyId\" : \"900200d1\",\n\t\t\"operatorId\" : \"admin1\"\n\t},\n\t\"applicationId\": 1,\n\t\"reportId\": 1314,\n\t\"paginationControl\" : {\n\t\t\"offSet\" : 0,\n\t\t\"count\": 2\n\t}\n}"
				},
				"url": {
					"raw": "http://localhost:8080/ReportingAPIRest/services/reports/audit/getreportdata",
					"protocol": "http",
					"host": [
						"localhost"
					],
					"port": "8080",
					"path": [
						"ReportingAPIRest",
						"services",
						"reports",
						"audit",
						"getreportdata"
					]
				}
			},
			"response": []
		},
		{
			"name": "createreport",
			"request": {
				"auth": {
					"type": "basic",
					"basic": [
						{
							"key": "password",
							"value": "J9PGme",
							"type": "string"
						},
						{
							"key": "username",
							"value": "pwo-serviceid",
							"type": "string"
						}
					]
				},
				"method": "POST",
				"header": [
					{
						"key": "Content-Type",
						"name": "Content-Type",
						"value": "application/json",
						"type": "text"
					}
				],
				"body": {
					"mode": "raw",
					"raw": "{\r\n\t\"requestId\": \"{{$guid}}\",\r\n\t \"profileInfo\": {\r\n\t    \"companyId\": \"comexp12\",\r\n\t    \"operatorId\": \"admin1\"\r\n\t  },\r\n\t  \"applicationId\": 1,\r\n\t  \"reportName\": \"Audit_t2_001\",\r\n\t  \"reportCriteria\": {\r\n\t  \t\t\"reportTypeId\": 2,\r\n\t  \t\t\"startDate\": \"02/01/2019\",\r\n\t\t    \"endDate\": \"02/28/2019\",\r\n\t\t    \"operatorIds\": [\r\n\t\t      \"admin1\"\r\n\t\t    ],\r\n\t\t    \"reportAuditTypeList\": [\r\n\t\t      {\r\n\t\t        \"id\": 2,\r\n\t\t        \"order\": 1,\r\n\t\t        \"title\": \"Company Activity\"\r\n\t\t      }\r\n\t\t    ]\r\n\t   }\r\n} "
				},
				"url": {
					"raw": "http://localhost:8080/ReportingAPIRest/services/reports/audit/createreport",
					"protocol": "http",
					"host": [
						"localhost"
					],
					"port": "8080",
					"path": [
						"ReportingAPIRest",
						"services",
						"reports",
						"audit",
						"createreport"
					]
				}
			},
			"response": []
		},
		{
			"name": "createreport Spring Boot",
			"request": {
				"auth": {
					"type": "basic",
					"basic": [
						{
							"key": "password",
							"value": "J9PGme",
							"type": "string"
						},
						{
							"key": "username",
							"value": "pwo-serviceid",
							"type": "string"
						}
					]
				},
				"method": "POST",
				"header": [
					{
						"key": "Content-Type",
						"name": "Content-Type",
						"value": "application/json",
						"type": "text"
					}
				],
				"body": {
					"mode": "raw",
					"raw": "{\r\n\t\"requestId\": \"{{$guid}}\",\r\n\t \"profileInfo\": {\r\n\t    \"companyId\": \"comexp12\",\r\n\t    \"operatorId\": \"admin1\"\r\n\t  },\r\n\t  \"applicationId\": 1,\r\n\t  \"reportName\": \"Audit_t2_001\",\r\n\t  \"reportCriteria\": {\r\n\t  \t\t\"reportTypeId\": 2,\r\n\t  \t\t\"startDate\": \"02/01/2019\",\r\n\t\t    \"endDate\": \"02/28/2019\",\r\n\t\t    \"operatorIds\": [\r\n\t\t      \"admin1\"\r\n\t\t    ],\r\n\t\t    \"reportAuditTypeList\": [\r\n\t\t      {\r\n\t\t        \"id\": 2,\r\n\t\t        \"order\": 1,\r\n\t\t        \"title\": \"Company Activity\"\r\n\t\t      }\r\n\t\t    ]\r\n\t   }\r\n} "
				},
				"url": {
					"raw": "http://localhost:8080/ReportingAPIRest/services/reports/audit/createreport",
					"protocol": "http",
					"host": [
						"localhost"
					],
					"port": "8080",
					"path": [
						"ReportingAPIRest",
						"services",
						"reports",
						"audit",
						"createreport"
					]
				}
			},
			"response": []
		},
		{
			"name": "createreport Transaction",
			"request": {
				"auth": {
					"type": "basic",
					"basic": [
						{
							"key": "password",
							"value": "J9PGme",
							"type": "string"
						},
						{
							"key": "username",
							"value": "pwo-serviceid",
							"type": "string"
						}
					]
				},
				"method": "POST",
				"header": [
					{
						"key": "Content-Type",
						"name": "Content-Type",
						"value": "application/json",
						"type": "text"
					}
				],
				"body": {
					"mode": "raw",
					"raw": "{\r\n\t\"requestId\": \"{{$guid}}\",\r\n\t \"profileInfo\": {\r\n\t    \"companyId\": \"comexp12\",\r\n\t    \"operatorId\": \"admin1\"\r\n\t  },\r\n\t  \"applicationId\": 1,\r\n\t  \"reportName\": \"Audit_t2_001\",\r\n\t  \"reportCriteria\": {\r\n\t  \t\t\"reportTypeId\": 2,\r\n\t  \t\t\"startDate\": \"02/01/2019\",\r\n\t\t    \"endDate\": \"02/28/2019\",\r\n\t\t    \"operatorIds\": [\r\n\t\t      \"admin1\"\r\n\t\t    ],\r\n\t\t    \"reportAuditTypeList\": [\r\n\t\t      {\r\n\t\t        \"id\": 2,\r\n\t\t        \"order\": 1,\r\n\t\t        \"title\": \"Company Activity\"\r\n\t\t      }\r\n\t\t    ]\r\n\t   }\r\n} "
				},
				"url": {
					"raw": "http://localhost:8080/ReportingAPIRest/services/reports/audit/createreport",
					"protocol": "http",
					"host": [
						"localhost"
					],
					"port": "8080",
					"path": [
						"ReportingAPIRest",
						"services",
						"reports",
						"audit",
						"createreport"
					]
				}
			},
			"response": []
		},
		{
			"name": "getAuditReportData T2",
			"request": {
				"auth": {
					"type": "basic",
					"basic": [
						{
							"key": "password",
							"value": "J9PGme",
							"type": "string"
						},
						{
							"key": "username",
							"value": "pwo-serviceid",
							"type": "string"
						}
					]
				},
				"method": "POST",
				"header": [
					{
						"key": "Content-Type",
						"name": "Content-Type",
						"value": "application/json",
						"type": "text"
					}
				],
				"body": {
					"mode": "raw",
					"raw": "{\n\t\"profileInfo\" : {\n\t\t\"companyId\" : \"900200d1\",\n\t\t\"operatorId\" : \"admin1\"\n\t},\n\t\"applicationId\": 1,\n\t\"reportId\": 13145,\n\t\"paginationControl\" : {\n\t\t\"offSet\" : 0,\n\t\t\"count\": 2\n\t}\n}"
				},
				"url": {
					"raw": "https://pwows-t2.pncint.net/pra/services/reports/audit/getreportdata",
					"protocol": "https",
					"host": [
						"pwows-t2",
						"pncint",
						"net"
					],
					"path": [
						"pra",
						"services",
						"reports",
						"audit",
						"getreportdata"
					]
				}
			},
			"response": []
		},
		{
			"name": "getAuditReportData T2 Copy",
			"request": {
				"auth": {
					"type": "basic",
					"basic": [
						{
							"key": "password",
							"value": "J9PGme",
							"type": "string"
						},
						{
							"key": "username",
							"value": "pwo-serviceid",
							"type": "string"
						}
					]
				},
				"method": "POST",
				"header": [
					{
						"key": "Content-Type",
						"name": "Content-Type",
						"value": "application/json",
						"type": "text"
					}
				],
				"body": {
					"mode": "raw",
					"raw": "{\n\t\"applicationId\": 1,\n\t\"reportId\": 13145,\n\t\"paginationControl\" : {\n\t\t\"offSet\" : 0,\n\t\t\"count\": 2\n\t}\n}"
				},
				"url": {
					"raw": "https://pwows-t2.pncint.net/ux/services/reports/audit/getreportdata",
					"protocol": "https",
					"host": [
						"pwows-t2",
						"pncint",
						"net"
					],
					"path": [
						"ux",
						"services",
						"reports",
						"audit",
						"getreportdata"
					]
				}
			},
			"response": []
		}
	]
}