{
	"info": {
		"_postman_id": "6a60a4f3-85a0-4283-b842-d687a7e7c7c7",
		"name": "Audit",
		"schema": "https://schema.getpostman.com/json/collection/v2.1.0/collection.json"
	},
	"item": [
		{
			"name": "Create Event QA4",
			"request": {
				"auth": {
					"type": "noauth"
				},
				"method": "POST",
				"header": [
					{
						"key": "Content-Type",
						"name": "Content-Type",
						"value": "application/json",
						"type": "text"
					},
					{
						"warning": "This is a duplicate header and will be overridden by the Authorization header generated by Postman.",
						"key": "Authorization",
						"value": "Basic cG10LXNlcnZpY2VpZDpUVV9Nd1M=",
						"type": "text"
					}
				],
				"body": {
					"mode": "raw",
					"raw": "{\n    \"companyId\": \"rajucom5\",\n    \"operatorId\": \"admin2\",\n    \"operatorFirstName\": \"admin\",\n    \"operatorLastName\": \"operator\",\n    \"action\": \"change operator\",\n    \"activityType\": \"ADMINISTRATION2\",\n    \"targetCompanyId\": \"rajucom5\",\n    \"targetOperatorId\": \"operator1\",\n    \"targetOperatorFirstName\": \"operator 1\",\n    \"targetOperatorLastName\": \"operator\",\n    \"placeholderValues\": [\n        \"one\",\n        \"two\",\n        \"three\"\n    ],\n    \"auditEventTimeStamp\": \"12/12/2012\",\n    \"auditChildSequnce\": 1,\n    \"auditEventId\": 1,\n    \"auditseqnum\": 1,\n    \"applicationId\": 2,\n    \"activityTypeId\": 3,\n    \"channel\": \"channel\",\n    \"clientIp\": \"clientIp\",\n    \"corelationId\": 1,\n    \"levelnum\": 1,\n    \"note\": \"note\",\n    \"sessionId\": \"sessionId\",\n    \"shadowtype\": \"shadowtype\",\n    \"source\": \"source\",\n    \"status\": \"status\",\n    \"svcNum\": 1,\n    \"auditEventValues\": [\n        {\n            \"seqNo\": 1,\n            \"key\": \"previous first name\",\n            \"value\": \"operator 1\"\n        },\n        {\n            \"seqNo\": 2,\n            \"key\": \"latest first name\",\n            \"value\": \"operator I\"\n        },\n        {\n            \"seqNo\": 3,\n            \"key\": \"latest first name 2\",\n            \"value\": \"operator II\"\n        }\n    ]\n}"
				},
				"url": {
					"raw": "https://pmt-iib-qa.pncint.net:7512/dal/qa4/CEXAuditSvc",
					"protocol": "https",
					"host": [
						"pmt-iib-qa",
						"pncint",
						"net"
					],
					"port": "7512",
					"path": [
						"dal",
						"qa4",
						"CEXAuditSvc"
					]
				}
			},
			"response": []
		},
		{
			"name": "View Audit Reports QA4",
			"request": {
				"auth": {
					"type": "noauth"
				},
				"method": "POST",
				"header": [
					{
						"key": "Content-Type",
						"name": "Content-Type",
						"type": "text",
						"value": "application/json"
					},
					{
						"key": "Authorization",
						"type": "text",
						"value": "Basic cG10LXNlcnZpY2VpZDpUVV9Nd1M=",
						"warning": "This is a duplicate header and will be overridden by the Authorization header generated by Postman."
					}
				],
				"body": {
					"mode": "raw",
					"raw": "{           \r\n    \"companyId\":\"fiserv1\",\r\n    \"operatorIds\": [\"admin1\"],\r\n    \"fromDate\":\"06/15/2019\",\r\n    \"toDate\":\"07/02/2019\",\r\n    \"activityTypeIds\":[7]\r\n}"
				},
				"url": {
					"raw": "https://pwows-qa4.pncint.net/CentralizedAuditWeb/getauditlogs",
					"protocol": "https",
					"host": [
						"pwows-qa4",
						"pncint",
						"net"
					],
					"path": [
						"CentralizedAuditWeb",
						"getauditlogs"
					]
				}
			},
			"response": []
		},
		{
			"name": "View Audit Reports QA2",
			"request": {
				"auth": {
					"type": "noauth"
				},
				"method": "POST",
				"header": [
					{
						"key": "Content-Type",
						"name": "Content-Type",
						"type": "text",
						"value": "application/json"
					},
					{
						"key": "Authorization",
						"type": "text",
						"value": "Basic cG10LXNlcnZpY2VpZDpUVV9Nd1M=",
						"warning": "This is a duplicate header and will be overridden by the Authorization header generated by Postman."
					}
				],
				"body": {
					"mode": "raw",
					"raw": "{           \r\n    \"companyId\":\"sambpay1\",\r\n    \"operatorIds\": [\"admin1\"],\r\n    \"fromDate\":\"06/15/2019\",\r\n    \"toDate\":\"07/02/2019\",\r\n    \"activityTypeIds\":[7]\r\n}"
				},
				"url": {
					"raw": "https://pwows-qa2.pncint.net/CentralizedAuditWeb/getauditlogs",
					"protocol": "https",
					"host": [
						"pwows-qa2",
						"pncint",
						"net"
					],
					"path": [
						"CentralizedAuditWeb",
						"getauditlogs"
					]
				}
			},
			"response": []
		},
		{
			"name": "Create Event QA2",
			"request": {
				"auth": {
					"type": "noauth"
				},
				"method": "POST",
				"header": [
					{
						"key": "Content-Type",
						"name": "Content-Type",
						"type": "text",
						"value": "application/json"
					},
					{
						"key": "Authorization",
						"value": "Basic cHdvLXNlcnZpY2VpZDptUTdUMnE=",
						"type": "text"
					}
				],
				"body": {
					"mode": "raw",
					"raw": "{\n    \"companyId\": \"brav20q2\",\n    \"operatorId\": \"System\",\n    \"operatorFirstName\": \"System\",\n    \"operatorLastName\": \"System\",\n    \"sessionId\": null,\n    \"auditEventTimeStamp\": null,\n    \"activityType\": \"Administration\",\n    \"action\": \"Team Updated With Global Company Level changes\",\n    \"shadowtype\": null,\n    \"levelnum\": null,\n    \"applicationId\": 3,\n    \"note\": null,\n    \"targetCompanyId\": null,\n    \"targetOperatorId\": \"test\",\n    \"targetOperatorFirstName\": \"test\",\n    \"targetOperatorLastName\": \"test\",\n    \"auditEventId\": null,\n    \"placeholderValues\": null,\n    \"clientIp\": null,\n    \"source\": null,\n    \"channel\": null,\n    \"auditseqnum\": null,\n    \"status\": null,\n    \"svcNum\": null,\n    \"corelationId\": null,\n    \"auditChildSequnce\": null,\n    \"auditEventValues\": [\n        {\n            \"seqNo\": 1,\n            \"key\": \"Team Name\",\n            \"value\": \"SUPER USER\"\n        },\n        {\n            \"seqNo\": 2,\n            \"key\": \"Assign Initiate / Approve Payments from\",\n            \"value\": \"Corporate Checking x0838\"\n        }\n    ]\n}"
				},
				"url": {
					"raw": "https://pwows-qa2.pncint.net/CentralizedAuditWeb/centralizedaudit",
					"protocol": "https",
					"host": [
						"pwows-qa2",
						"pncint",
						"net"
					],
					"path": [
						"CentralizedAuditWeb",
						"centralizedaudit"
					]
				}
			},
			"response": []
		},
		{
			"name": "Create Event QA2 Copy",
			"request": {
				"auth": {
					"type": "noauth"
				},
				"method": "POST",
				"header": [
					{
						"key": "Content-Type",
						"name": "Content-Type",
						"type": "text",
						"value": "application/json"
					},
					{
						"key": "Authorization",
						"value": "Basic cHdvLXNlcnZpY2VpZDptUTdUMnE=",
						"type": "text"
					}
				],
				"body": {
					"mode": "raw",
					"raw": "{\n    \"companyId\": \"brav20q2\",\n    \"operatorId\": \"System\",\n    \"operatorFirstName\": \"System\",\n    \"operatorLastName\": \"System\",\n    \"sessionId\": null,\n    \"auditEventTimeStamp\": null,\n    \"activityType\": \"Administration\",\n    \"action\": \"Team Updated With Global Company Level changes\",\n    \"shadowtype\": null,\n    \"levelnum\": null,\n    \"applicationId\": 3,\n    \"note\": null,\n    \"targetCompanyId\": null,\n    \"targetOperatorId\": \"test\",\n    \"targetOperatorFirstName\": \"test\",\n    \"targetOperatorLastName\": \"test\",\n    \"auditEventId\": null,\n    \"placeholderValues\": null,\n    \"clientIp\": null,\n    \"source\": null,\n    \"channel\": null,\n    \"auditseqnum\": null,\n    \"status\": null,\n    \"svcNum\": null,\n    \"corelationId\": null,\n    \"auditChildSequnce\": null,\n    \"auditEventValues\": [\n        {\n            \"seqNo\": 1,\n            \"key\": \"Team Name\",\n            \"value\": \"SUPER USER\"\n        },\n        {\n            \"seqNo\": 2,\n            \"key\": \"Assign Initiate / Approve Payments from\",\n            \"value\": \"Corporate Checking x0838\"\n        }\n    ]\n}"
				},
				"url": {
					"raw": "https://pwows-qa2.pncint.net/CentralizedAuditWeb/centralizedaudit",
					"protocol": "https",
					"host": [
						"pwows-qa2",
						"pncint",
						"net"
					],
					"path": [
						"CentralizedAuditWeb",
						"centralizedaudit"
					]
				}
			},
			"response": []
		}
	]
}