{
	"info": {
		"_postman_id": "6e906483-f950-46c8-9360-d128aae2c0f6",
		"name": "CE API",
		"schema": "https://schema.getpostman.com/json/collection/v2.1.0/collection.json"
	},
	"item": [
		{
			"name": "https://pwows-qa2.pncint.net/EntitlementsWeb/v2/",
			"request": {
				"auth": {
					"type": "basic",
					"basic": [
						{
							"key": "password",
							"value": "mQ7T2q",
							"type": "string"
						},
						{
							"key": "username",
							"value": "pwo-serviceid",
							"type": "string"
						}
					]
				},
				"method": "POST",
				"header": [
					{
						"key": "Content-Type",
						"value": "application/json",
						"type": "text"
					},
					{
						"key": "companyId",
						"value": "brav62q2",
						"type": "text"
					},
					{
						"key": "operatorId",
						"value": "admin1",
						"type": "text"
					}
				],
				"body": {
					"mode": "raw",
					"raw": "{ \r\n  \"assignedFunctions\": false, \r\n  \"entitlementTypeName\": \"BASICANDDETAIL\", \r\n  \"entitlementVersionNumber\": null, \r\n  \"requestingForRole\": false, \r\n  \"requestedOperatorId\": \"admin1\", \r\n  \"svcNum\": 689\r\n}\r\n"
				},
				"url": {
					"raw": "https://pwows-qa2.pncint.net/EntitlementsWeb/entitlements/getentitlementsforroleoroperator",
					"protocol": "https",
					"host": [
						"pwows-qa2",
						"pncint",
						"net"
					],
					"path": [
						"EntitlementsWeb",
						"entitlements",
						"getentitlementsforroleoroperator"
					]
				}
			},
			"response": []
		},
		{
			"name": "Authenticate SafeNet Token",
			"request": {
				"auth": {
					"type": "basic",
					"basic": [
						{
							"key": "password",
							"value": "mQ7T2q",
							"type": "string"
						},
						{
							"key": "username",
							"value": "pwo-serviceid",
							"type": "string"
						}
					]
				},
				"method": "POST",
				"header": [
					{
						"key": "Content-Type",
						"value": "application/json",
						"type": "text"
					}
				],
				"body": {
					"mode": "raw",
					"raw": "{ \r\n  \"companyId\": \"billpay6\", \r\n  \"operatorId\": \"mani\", \r\n  \"tokenPasscode\": \"482702\"\r\n}\r\n"
				},
				"url": {
					"raw": "https://pwows-qa2.pncint.net/EntitlementsWeb/operators/authenticatetoken",
					"protocol": "https",
					"host": [
						"pwows-qa2",
						"pncint",
						"net"
					],
					"path": [
						"EntitlementsWeb",
						"operators",
						"authenticatetoken"
					]
				}
			},
			"response": []
		},
		{
			"name": "QA2 DAL Authenticate SafeNet Token",
			"request": {
				"auth": {
					"type": "basic",
					"basic": [
						{
							"key": "password",
							"value": "TU_MwS",
							"type": "string"
						},
						{
							"key": "username",
							"value": "pmt-serviceid",
							"type": "string"
						}
					]
				},
				"method": "POST",
				"header": [
					{
						"key": "Content-Type",
						"type": "text",
						"value": "application/json"
					}
				],
				"body": {
					"mode": "raw",
					"raw": "{ \r\n  \"companyId\": \"billpay6\", \r\n  \"operatorId\": \"mani\", \r\n  \"tokenPasscode\": \"179510\"\r\n}\r\n"
				},
				"url": {
					"raw": "https://pmt-iib-qa.pncint.net:7528/dal/qa2/EntitlementsWeb/operators/authenticatetoken",
					"protocol": "https",
					"host": [
						"pmt-iib-qa",
						"pncint",
						"net"
					],
					"port": "7528",
					"path": [
						"dal",
						"qa2",
						"EntitlementsWeb",
						"operators",
						"authenticatetoken"
					]
				}
			},
			"response": []
		}
	]
}