{
	"id": "85a608f4-2227-41b8-913a-8c9d8e9f087c",
	"name": "Commercial Experience UX APIs (QA2)",
	"values": [
		{
			"key": "urlxxx",
			"value": "https://pwows-qa2.pncint.net/ux",
			"enabled": true
		},
		{
			"key": "Authorization",
			"value": "Basic cHdvLXNlcnZpY2VpZDptUTdUMnE=",
			"enabled": true
		},
		{
			"key": "companyId",
			"value": "billpay6",
			"enabled": true
		},
		{
			"key": "operatorId",
			"value": "admin1",
			"enabled": true
		},
		{
			"key": "urlx",
			"value": "https://lpwx292a.qa.pncint.net:5500/ux",
			"enabled": true
		},
		{
			"key": "url",
			"value": "https://pwx-comex-app-q2-qa.pncint.net/ux",
			"enabled": true
		}
	],
	"_postman_variable_scope": "environment",
	"_postman_exported_at": "2020-01-13T01:23:29.051Z",
	"_postman_exported_using": "Postman/7.0.7"
}