{
	"id": "50921a5d-eaf8-4e11-8483-79fc1185ecdc",
	"name": "Commercial Experience UX API  (LOCAL->QA2)",
	"values": [
		{
			"key": "url",
			"value": "http://localhost:8070",
			"enabled": true
		},
		{
			"key": "companyId",
			"value": "billpay6",
			"enabled": true
		},
		{
			"key": "operatorId",
			"value": "admin1",
			"enabled": true
		},
		{
			"key": "companyId1",
			"value": "4lrcex17",
			"enabled": true
		},
		{
			"key": "companyId2",
			"value": "coex8735 | pitts10 | pitts10",
			"enabled": true
		},
		{
			"key": "urlx",
			"value": "https://pwows-qa2.pncint.net/ux",
			"enabled": true
		},
		{
			"key": "urlxxxx",
			"value": "https://lpwx124a.uat.pncint.net:5500/ux",
			"enabled": true
		}
	],
	"_postman_variable_scope": "environment",
	"_postman_exported_at": "2020-01-13T01:23:20.237Z",
	"_postman_exported_using": "Postman/7.0.7"
}