{
	"info": {
		"_postman_id": "baac878c-9eb2-4a37-8385-db99a282318b",
		"name": "Cucumebr POC",
		"schema": "https://schema.getpostman.com/json/collection/v2.1.0/collection.json"
	},
	"item": [
		{
			"name": "Audit Event By Id",
			"request": {
				"method": "GET",
				"header": [],
				"body": {
					"mode": "raw",
					"raw": ""
				},
				"url": {
					"raw": ""
				}
			},
			"response": []
		},
		{
			"name": "Save Audit Event",
			"request": {
				"method": "GET",
				"header": [],
				"body": {
					"mode": "raw",
					"raw": ""
				},
				"url": {
					"raw": ""
				}
			},
			"response": []
		}
	]
}