{
	"info": {
		"_postman_id": "f2bab535-05f9-40ae-ac39-add1b9cc8e4b",
		"name": "Entitlement API",
		"schema": "https://schema.getpostman.com/json/collection/v2.1.0/collection.json"
	},
	"item": [
		{
			"name": "QA2 DAL - getentitlementsforroleoroperator",
			"request": {
				"auth": {
					"type": "basic",
					"basic": [
						{
							"key": "password",
							"value": "TU_MwS",
							"type": "string"
						},
						{
							"key": "username",
							"value": "pmt-serviceid",
							"type": "string"
						}
					]
				},
				"method": "POST",
				"header": [
					{
						"key": "Content-Type",
						"name": "Content-Type",
						"value": "application/json",
						"type": "text"
					},
					{
						"key": "companyId",
						"value": "billpay6",
						"description": "brav01q4",
						"type": "text"
					},
					{
						"key": "operatorId",
						"value": "admin1",
						"type": "text"
					},
					{
						"key": "",
						"value": "",
						"type": "text"
					}
				],
				"body": {
					"mode": "raw",
					"raw": "{ \r\n  \"assignedFunctions\": false, \r\n  \"entitlementTypeName\": \"BASICANDDETAIL\", \r\n  \"entitlementVersionNumber\": null, \r\n  \"requestingForRole\": false, \r\n  \"requestedOperatorId\": \"admin1\", \r\n  \"svcNum\": 689\r\n}\r\n"
				},
				"url": {
					"raw": "https://pmt-iib-qa.pncint.net:7528/dal/qa2/EntitlementsWeb/entitlements/getentitlementsforroleoroperator",
					"protocol": "https",
					"host": [
						"pmt-iib-qa",
						"pncint",
						"net"
					],
					"port": "7528",
					"path": [
						"dal",
						"qa2",
						"EntitlementsWeb",
						"entitlements",
						"getentitlementsforroleoroperator"
					]
				},
				"description": "getentitlementsforroleoroperator"
			},
			"response": []
		},
		{
			"name": "QA2 Direct - getentitlementsforroleoroperator",
			"request": {
				"auth": {
					"type": "basic",
					"basic": [
						{
							"key": "password",
							"value": "mQ7T2q",
							"type": "string"
						},
						{
							"key": "username",
							"value": "pwo-serviceid",
							"type": "string"
						}
					]
				},
				"method": "POST",
				"header": [
					{
						"key": "Content-Type",
						"name": "Content-Type",
						"type": "text",
						"value": "application/json"
					},
					{
						"description": "brav01q4",
						"key": "companyId",
						"type": "text",
						"value": "billpay6"
					},
					{
						"key": "operatorId",
						"type": "text",
						"value": "admin1"
					},
					{
						"key": "",
						"type": "text",
						"value": ""
					}
				],
				"body": {
					"mode": "raw",
					"raw": "{ \r\n  \"assignedFunctions\": false, \r\n  \"entitlementTypeName\": \"BASICANDDETAIL\", \r\n  \"entitlementVersionNumber\": null, \r\n  \"requestingForRole\": false, \r\n  \"requestedOperatorId\": \"admin1\", \r\n  \"svcNum\": 689,\r\n  \"productNamesRequired\": true\r\n}\r\n"
				},
				"url": {
					"raw": "https://pwows-qa2.pncint.net/EntitlementsWeb/entitlements/getentitlementsforroleoroperator",
					"protocol": "https",
					"host": [
						"pwows-qa2",
						"pncint",
						"net"
					],
					"path": [
						"EntitlementsWeb",
						"entitlements",
						"getentitlementsforroleoroperator"
					]
				},
				"description": "getentitlementsforroleoroperator"
			},
			"response": []
		},
		{
			"name": "QA4 DAL - getentitlementsforroleoroperator",
			"request": {
				"auth": {
					"type": "basic",
					"basic": [
						{
							"key": "password",
							"value": "TU_MwS",
							"type": "string"
						},
						{
							"key": "username",
							"value": "pmt-serviceid",
							"type": "string"
						}
					]
				},
				"method": "POST",
				"header": [
					{
						"key": "Content-Type",
						"name": "Content-Type",
						"type": "text",
						"value": "application/json"
					},
					{
						"description": "brav01q4",
						"key": "companyId",
						"type": "text",
						"value": "billpay6"
					},
					{
						"key": "operatorId",
						"type": "text",
						"value": "admin1"
					},
					{
						"key": "",
						"type": "text",
						"value": ""
					}
				],
				"body": {
					"mode": "raw",
					"raw": "{ \r\n  \"assignedFunctions\": false, \r\n  \"entitlementTypeName\": \"BASICANDDETAIL\", \r\n  \"entitlementVersionNumber\": null, \r\n  \"requestingForRole\": false, \r\n  \"requestedOperatorId\": \"admin1\", \r\n  \"svcNum\": 689\r\n}\r\n"
				},
				"url": {
					"raw": "https://pmt-iib-qa.pncint.net:7512/dal/qa4/EntitlementsWeb/entitlements/getentitlementsforroleoroperator",
					"protocol": "https",
					"host": [
						"pmt-iib-qa",
						"pncint",
						"net"
					],
					"port": "7512",
					"path": [
						"dal",
						"qa4",
						"EntitlementsWeb",
						"entitlements",
						"getentitlementsforroleoroperator"
					]
				},
				"description": "getentitlementsforroleoroperator"
			},
			"response": []
		},
		{
			"name": "QA2 DAL - retriveoperatorinfo",
			"request": {
				"auth": {
					"type": "basic",
					"basic": [
						{
							"key": "password",
							"value": "TU_MwS",
							"type": "string"
						},
						{
							"key": "username",
							"value": "pmt-serviceid",
							"type": "string"
						}
					]
				},
				"method": "POST",
				"header": [
					{
						"key": "Content-Type",
						"name": "Content-Type",
						"value": "application/json",
						"type": "text"
					},
					{
						"key": "companyId",
						"value": "brav01q4",
						"type": "text"
					},
					{
						"key": "operatorId",
						"value": "admin1",
						"type": "text"
					},
					{
						"key": "",
						"value": "",
						"type": "text"
					}
				],
				"body": {
					"mode": "raw",
					"raw": "{\r\n  \"companyId\": \"brav01q4\",\r\n  \"operatorId\": \"admin1\",\r\n  \"requestedOperatorId\": \"admin1\"\r\n}"
				},
				"url": {
					"raw": "https://pmt-iib-qa.pncint.net:7512/dal/qa4/EntitlementsWeb/operators/retriveoperatorinfo",
					"protocol": "https",
					"host": [
						"pmt-iib-qa",
						"pncint",
						"net"
					],
					"port": "7512",
					"path": [
						"dal",
						"qa4",
						"EntitlementsWeb",
						"operators",
						"retriveoperatorinfo"
					]
				},
				"description": "getentitlementsforroleoroperator"
			},
			"response": []
		},
		{
			"name": "QA2 DAL - getentitlementsforcompany",
			"request": {
				"auth": {
					"type": "basic",
					"basic": [
						{
							"key": "password",
							"value": "TU_MwS",
							"type": "string"
						},
						{
							"key": "username",
							"value": "pmt-serviceid",
							"type": "string"
						}
					]
				},
				"method": "POST",
				"header": [
					{
						"key": "Content-Type",
						"name": "Content-Type",
						"value": "application/json",
						"type": "text"
					},
					{
						"key": "companyId",
						"value": "420161",
						"type": "text"
					},
					{
						"key": "operatorId",
						"value": "admin1",
						"type": "text"
					}
				],
				"body": {
					"mode": "raw",
					"raw": "{ \r\n}\r\n"
				},
				"url": {
					"raw": "https://pmt-iib-qa.pncint.net:7528/dal/qa2/EntitlementsWeb/entitlements/getentitlementsforcompany",
					"protocol": "https",
					"host": [
						"pmt-iib-qa",
						"pncint",
						"net"
					],
					"port": "7528",
					"path": [
						"dal",
						"qa2",
						"EntitlementsWeb",
						"entitlements",
						"getentitlementsforcompany"
					]
				},
				"description": "getentitlementsforroleoroperator"
			},
			"response": []
		},
		{
			"name": "QA2 DAL -Portal API",
			"request": {
				"auth": {
					"type": "basic",
					"basic": [
						{
							"key": "password",
							"value": "TU_MwS",
							"type": "string"
						},
						{
							"key": "username",
							"value": "pmt-serviceid",
							"type": "string"
						}
					]
				},
				"method": "POST",
				"header": [
					{
						"key": "Content-Type",
						"name": "Content-Type",
						"value": "application/json",
						"type": "text"
					},
					{
						"key": "companyId",
						"value": "420161",
						"type": "text"
					},
					{
						"key": "operatorId",
						"value": "admin1",
						"type": "text"
					}
				],
				"body": {
					"mode": "raw",
					"raw": "{ \r\n}\r\n"
				},
				"url": {
					"raw": "https://pmt-iib-qa.pncint.net:7528/dal/qa2/EntitlementsWeb/entitlements/getentitlementsforcompany",
					"protocol": "https",
					"host": [
						"pmt-iib-qa",
						"pncint",
						"net"
					],
					"port": "7528",
					"path": [
						"dal",
						"qa2",
						"EntitlementsWeb",
						"entitlements",
						"getentitlementsforcompany"
					]
				},
				"description": "getentitlementsforroleoroperator"
			},
			"response": []
		},
		{
			"name": "PROD PWOWS - getentitlementsforroleoroperator Copy",
			"request": {
				"auth": {
					"type": "basic",
					"basic": [
						{
							"key": "username",
							"value": "pwo-serviceid",
							"type": "string"
						},
						{
							"key": "password",
							"value": "78HSkm",
							"type": "string"
						}
					]
				},
				"method": "POST",
				"header": [
					{
						"key": "Content-Type",
						"name": "Content-Type",
						"value": "application/json",
						"type": "text"
					},
					{
						"key": "companyId",
						"value": "comex0ba",
						"type": "text"
					},
					{
						"key": "operatorId",
						"value": "admin1",
						"type": "text"
					}
				],
				"body": {
					"mode": "raw",
					"raw": "{ \r\n  \"assignedFunctions\": false, \r\n  \"entitlementTypeName\": \"BASICANDDETAIL\", \r\n  \"entitlementVersionNumber\": null, \r\n  \"requestingForRole\": false, \r\n  \"requestedOperatorId\": \"admin1\", \r\n  \"svcNum\": 689 \r\n}\r\n"
				},
				"url": {
					"raw": "https://pwows.pncint.net/EntitlementsWeb/entitlements/getentitlementsforroleoroperator",
					"protocol": "https",
					"host": [
						"pwows",
						"pncint",
						"net"
					],
					"path": [
						"EntitlementsWeb",
						"entitlements",
						"getentitlementsforroleoroperator"
					]
				},
				"description": "getentitlementsforroleoroperator"
			},
			"response": []
		}
	]
}