{
	"info": {
		"_postman_id": "5e222249-fe79-4017-803f-f7abf1d366e1",
		"name": "LancasterWM",
		"schema": "https://schema.getpostman.com/json/collection/v2.1.0/collection.json"
	},
	"item": [
		{
			"name": "ping",
			"request": {
				"method": "GET",
				"header": [],
				"body": {
					"mode": "raw",
					"raw": ""
				},
				"url": {
					"raw": "http://localhost:8080/v1/goal/ping",
					"protocol": "http",
					"host": [
						"localhost"
					],
					"port": "8080",
					"path": [
						"v1",
						"goal",
						"ping"
					]
				}
			},
			"response": []
		},
		{
			"name": "Goals",
			"request": {
				"method": "GET",
				"header": [],
				"body": {
					"mode": "raw",
					"raw": ""
				},
				"url": {
					"raw": "http://localhost:8080/v1/goals",
					"protocol": "http",
					"host": [
						"localhost"
					],
					"port": "8080",
					"path": [
						"v1",
						"goals"
					]
				}
			},
			"response": []
		},
		{
			"name": "Goal",
			"request": {
				"method": "POST",
				"header": [
					{
						"key": "Content-Type",
						"name": "Content-Type",
						"value": "application/json",
						"type": "text"
					}
				],
				"body": {
					"mode": "raw",
					"raw": "{\n\t\"title\": \"Goal1\",\n\t\"decumulation\" : true,\n\t\"type\" : \"type\",\n\t\"category\" : \"category\",\n\t\"targetCount\" : 10,\n\t\"active\" : false\n}"
				},
				"url": {
					"raw": "http://localhost:8080/v1/goals",
					"protocol": "http",
					"host": [
						"localhost"
					],
					"port": "8080",
					"path": [
						"v1",
						"goals"
					]
				}
			},
			"response": []
		},
		{
			"name": "advisor",
			"request": {
				"method": "GET",
				"header": [],
				"body": {
					"mode": "raw",
					"raw": ""
				},
				"url": {
					"raw": "http://localhost:8080/v1/advisor",
					"protocol": "http",
					"host": [
						"localhost"
					],
					"port": "8080",
					"path": [
						"v1",
						"advisor"
					]
				}
			},
			"response": []
		},
		{
			"name": "advisor",
			"request": {
				"method": "PUT",
				"header": [
					{
						"key": "Content-Type",
						"name": "Content-Type",
						"value": "application/json",
						"type": "text"
					}
				],
				"body": {
					"mode": "raw",
					"raw": " {\r\n        \"id\": 2,\r\n        \"firstName\": \"Manikandan\",\r\n        \"lastName\": \"Balachandran\",\r\n        \"type\": {\r\n            \"id\": 1,\r\n            \"name\": \"Bank Side Advisor\"\r\n        },\r\n        \"email\": \"adsivost1@pnc.com\",\r\n        \"phone\": \"4126523465\",\r\n        \"fax\": \"4123452334\",\r\n        \"supervisorId\": {\r\n            \"id\": 1,\r\n            \"firstName\": \"Aalexander\",\r\n            \"lastName\": \"Costello\",\r\n            \"advisors\": []\r\n        },\r\n        \"score\": \"6\",\r\n        \"goalsAssigned\": \"5\",\r\n        \"goalsAchieved\": \"1\",\r\n        \"goalsPending\": \"0\",\r\n        \"goalsFailed\": \"1\",\r\n        \"clientsEngaged\": null,\r\n        \"lastClientInteraction\": \"4\",\r\n        \"status\": {\r\n            \"id\": 1,\r\n            \"name\": \"Active\"\r\n        }\r\n    }"
				},
				"url": {
					"raw": "http://localhost:8080/v1/advisor",
					"protocol": "http",
					"host": [
						"localhost"
					],
					"port": "8080",
					"path": [
						"v1",
						"advisor"
					]
				}
			},
			"response": []
		},
		{
			"name": "assignment",
			"request": {
				"method": "GET",
				"header": [],
				"body": {
					"mode": "raw",
					"raw": ""
				},
				"url": {
					"raw": "http://localhost:8080/v1/assignment",
					"protocol": "http",
					"host": [
						"localhost"
					],
					"port": "8080",
					"path": [
						"v1",
						"assignment"
					]
				}
			},
			"response": []
		},
		{
			"name": "assignment",
			"request": {
				"method": "PUT",
				"header": [],
				"body": {
					"mode": "raw",
					"raw": ""
				},
				"url": {
					"raw": "http://localhost:8080/v1/assignment",
					"protocol": "http",
					"host": [
						"localhost"
					],
					"port": "8080",
					"path": [
						"v1",
						"assignment"
					]
				}
			},
			"response": []
		},
		{
			"name": "client",
			"request": {
				"method": "GET",
				"header": [],
				"body": {
					"mode": "raw",
					"raw": ""
				},
				"url": {
					"raw": "http://localhost:8080/v1/assignment",
					"protocol": "http",
					"host": [
						"localhost"
					],
					"port": "8080",
					"path": [
						"v1",
						"assignment"
					]
				}
			},
			"response": []
		},
		{
			"name": "client",
			"request": {
				"method": "POST",
				"header": [],
				"body": {
					"mode": "raw",
					"raw": ""
				},
				"url": {
					"raw": "http://localhost:8080/v1/assignment",
					"protocol": "http",
					"host": [
						"localhost"
					],
					"port": "8080",
					"path": [
						"v1",
						"assignment"
					]
				}
			},
			"response": []
		}
	]
}