{
	"id": "067b6dc9-b6a5-4e41-91a6-2f4415c59312",
	"name": "Microsoft Graph environment Copy",
	"values": [
		{
			"key": "ClientID",
			"value": "971f8079-89b9-4142-a7d4-ed205ad6538c",
			"enabled": true
		},
		{
			"key": "ClientSecret",
			"value": "#+;+o|_.&/!](-c*=?+}y*=:=(@^;@-E}%@A1*{)|i7]&{v;d{)>",
			"enabled": true
		},
		{
			"key": "TenantID",
			"value": "c3f98e34-2a05-4943-b095-d945fd324808",
			"enabled": true
		},
		{
			"key": "AppAccessToken",
			"value": "",
			"enabled": true
		},
		{
			"key": "UserPassword",
			"value": "",
			"description": {
				"content": "",
				"type": "text/plain"
			},
			"enabled": true
		},
		{
			"key": "UserName",
			"value": "",
			"description": {
				"content": "",
				"type": "text/plain"
			},
			"enabled": true
		},
		{
			"key": "UserAccessToken",
			"value": "",
			"description": {
				"content": "",
				"type": "text/plain"
			},
			"enabled": true
		},
		{
			"key": "UserId",
			"value": "",
			"description": {
				"content": "",
				"type": "text/plain"
			},
			"enabled": true
		},
		{
			"key": "MessageId",
			"value": "",
			"description": {
				"content": "",
				"type": "text/plain"
			},
			"enabled": true
		}
	],
	"_postman_variable_scope": "environment",
	"_postman_exported_at": "2020-01-13T01:23:58.578Z",
	"_postman_exported_using": "Postman/7.0.7"
}