{
	"info": {
		"_postman_id": "ff5a5e0f-2882-4e59-b082-aa4e0e676949",
		"name": "Microsoft Graph API Tester",
		"schema": "https://schema.getpostman.com/json/collection/v2.1.0/collection.json"
	},
	"item": [
		{
			"name": "OAuth 2.0 Token",
			"event": [
				{
					"listen": "test",
					"script": {
						"id": "88fce6ce-1304-4486-9174-4dd21ee95035",
						"exec": [
							"var json = JSON.parse(responseBody);",
							"pm.environment.set(“AccessToken”, json.access_token);"
						],
						"type": "text/javascript"
					}
				}
			],
			"request": {
				"method": "POST",
				"header": [
					{
						"key": "Content-Type",
						"name": "Content-Type",
						"value": "application/x-www-form-urlencoded",
						"type": "text"
					}
				],
				"body": {
					"mode": "urlencoded",
					"urlencoded": [
						{
							"key": "grant_type",
							"value": "client_credentials",
							"type": "text"
						},
						{
							"key": "client_id",
							"value": "{{ClientID}}",
							"type": "text"
						},
						{
							"key": "client_secret",
							"value": "{{ClientSecret}}",
							"type": "text"
						},
						{
							"key": "scope",
							"value": "https://graph.microsoft.com/.default",
							"type": "text"
						}
					]
				},
				"url": {
					"raw": "https://login.microsoftonline.com/{{TenantID}}/oauth2/v2.0/token",
					"protocol": "https",
					"host": [
						"login",
						"microsoftonline",
						"com"
					],
					"path": [
						"{{TenantID}}",
						"oauth2",
						"v2.0",
						"token"
					]
				}
			},
			"response": []
		},
		{
			"name": "OAuth 2.0 Token Java POC",
			"event": [
				{
					"listen": "test",
					"script": {
						"id": "88fce6ce-1304-4486-9174-4dd21ee95035",
						"exec": [
							""
						],
						"type": "text/javascript"
					}
				}
			],
			"request": {
				"method": "POST",
				"header": [
					{
						"key": "Content-Type",
						"name": "Content-Type",
						"type": "text",
						"value": "application/x-www-form-urlencoded"
					}
				],
				"body": {
					"mode": "urlencoded",
					"urlencoded": [
						{
							"key": "grant_type",
							"value": "client_credentials",
							"type": "text"
						},
						{
							"key": "client_id",
							"value": "{{ClientID}}",
							"type": "text"
						},
						{
							"key": "client_secret",
							"value": "{{ClientSecret}}",
							"type": "text"
						},
						{
							"key": "scope",
							"value": "https://graph.microsoft.com/.default",
							"type": "text"
						}
					]
				},
				"url": {
					"raw": "https://login.microsoftonline.com/{{TenantID}}/oauth2/v2.0/token?client_id={{ClientID}}&client_secret={{ClientSecret}}&grant_type=authorization_code&redirect_uri={{redirect_uri}}&scope={{scope}}&code={{authorizationCode}}",
					"protocol": "https",
					"host": [
						"login",
						"microsoftonline",
						"com"
					],
					"path": [
						"{{TenantID}}",
						"oauth2",
						"v2.0",
						"token"
					],
					"query": [
						{
							"key": "client_id",
							"value": "{{ClientID}}"
						},
						{
							"key": "client_secret",
							"value": "{{ClientSecret}}"
						},
						{
							"key": "grant_type",
							"value": "authorization_code"
						},
						{
							"key": "redirect_uri",
							"value": "{{redirect_uri}}"
						},
						{
							"key": "scope",
							"value": "{{scope}}"
						},
						{
							"key": "code",
							"value": "{{authorizationCode}}"
						}
					]
				}
			},
			"response": []
		},
		{
			"name": "Get a list of users",
			"request": {
				"auth": {
					"type": "bearer",
					"bearer": [
						{
							"key": "token",
							"value": "{{AccessToken}}",
							"type": "string"
						}
					]
				},
				"method": "GET",
				"header": [],
				"body": {
					"mode": "raw",
					"raw": ""
				},
				"url": {
					"raw": "https://graph.microsoft.com/v1.0/users",
					"protocol": "https",
					"host": [
						"graph",
						"microsoft",
						"com"
					],
					"path": [
						"v1.0",
						"users"
					]
				}
			},
			"response": []
		}
	]
}