{
	"id": "2ec4e610-47f6-486b-b9f2-afd0ae9bae83",
	"name": "Microsoft Graph environment",
	"values": [
		{
			"key": "ClientID",
			"value": "",
			"enabled": true
		},
		{
			"key": "ClientSecret",
			"value": "",
			"enabled": true
		},
		{
			"key": "UserPassword",
			"value": "",
			"description": {
				"content": "",
				"type": "text/plain"
			},
			"enabled": true
		},
		{
			"key": "UserName",
			"value": "",
			"description": {
				"content": "",
				"type": "text/plain"
			},
			"enabled": true
		},
		{
			"key": "UserAccessToken",
			"value": "",
			"description": {
				"content": "",
				"type": "text/plain"
			},
			"enabled": true
		},
		{
			"key": "UserId",
			"value": "",
			"description": {
				"content": "",
				"type": "text/plain"
			},
			"enabled": true
		},
		{
			"key": "MessageId",
			"value": "",
			"description": {
				"content": "",
				"type": "text/plain"
			},
			"enabled": true
		},
		{
			"key": "AppAccessToken",
			"value": "",
			"enabled": true
		}
	],
	"_postman_variable_scope": "environment",
	"_postman_exported_at": "2020-01-13T01:24:07.195Z",
	"_postman_exported_using": "Postman/7.0.7"
}