{
	"id": "3e690a97-df69-405f-93c5-2e87b7db6f1d",
	"name": "PBP QA-STAGE Namespace",
	"values": [
		{
			"key": "url",
			"value": "https://billpay-pbp-stage-qa.ocp.qa.pncint.net",
			"enabled": true
		},
		{
			"key": "x-consumer-id",
			"value": "comex05",
			"enabled": true
		},
		{
			"key": "x-operator-id",
			"value": "admin1",
			"enabled": true
		},
		{
			"key": "Authorization",
			"value": "NoAuthRequired",
			"enabled": true
		},
		{
			"key": "UserAccessToken",
			"value": null,
			"enabled": true
		},
		{
			"key": "urlx",
			"value": "http://localhost:8090",
			"enabled": true
		},
		{
			"key": "AppAccessToken",
			"value": null,
			"enabled": true
		}
	],
	"_postman_variable_scope": "environment",
	"_postman_exported_at": "2020-01-13T01:24:28.574Z",
	"_postman_exported_using": "Postman/7.0.7"
}