{
	"id": "c138f8fd-d4ac-4f11-bcaa-90b53a2450bf",
	"name": "PBP GF2",
	"values": [
		{
			"key": "x-operator-id",
			"value": "admin1",
			"enabled": true
		},
		{
			"key": "url",
			"value": "https://billpay-pbp-prod.ocp.gf2.prod.pncint.net",
			"enabled": true
		},
		{
			"key": "Authorization",
			"value": "NoAuthRequired",
			"enabled": true
		},
		{
			"key": "UserAccessToken",
			"value": null,
			"enabled": true
		},
		{
			"key": "AppAccessToken",
			"value": "comex5ba",
			"enabled": true
		},
		{
			"key": "x-consumer-id",
			"value": "900cx52",
			"enabled": true
		}
	],
	"_postman_variable_scope": "environment",
	"_postman_exported_at": "2020-01-13T01:24:23.264Z",
	"_postman_exported_using": "Postman/7.0.7"
}