{
	"id": "61397415-4bca-4a8c-b2c3-532daa510928",
	"name": "Portal API QA2  PWOWS",
	"values": [
		{
			"key": "url",
			"value": "https://pwows-qa2.pncint.net",
			"description": "",
			"enabled": true
		},
		{
			"key": "WS_SERVICE_PWOWS_USERNAME",
			"value": "pwo-serviceid",
			"description": "",
			"enabled": true
		},
		{
			"key": "WS_SERVICE_PWOWS_PASSWORD",
			"value": "mQ7T2q",
			"description": "",
			"enabled": true
		}
	],
	"_postman_variable_scope": "environment",
	"_postman_exported_at": "2020-01-13T01:24:37.888Z",
	"_postman_exported_using": "Postman/7.0.7"
}