{
	"id": "fa67089f-247d-4063-ba04-bf545e81b77b",
	"name": "Portal API QA4 PWOWS",
	"values": [
		{
			"key": "url",
			"value": "https://pwows-qa4\n.pncint.net",
			"enabled": true
		},
		{
			"key": "WS_SERVICE_PWOWS_USERNAME",
			"value": "pwo-serviceid",
			"enabled": true
		},
		{
			"key": "WS_SERVICE_PWOWS_PASSWORD",
			"value": "mQ7T2q",
			"enabled": true
		}
	],
	"_postman_variable_scope": "environment",
	"_postman_exported_at": "2020-01-13T01:24:44.575Z",
	"_postman_exported_using": "Postman/7.0.7"
}