{
	"info": {
		"_postman_id": "b3a8c208-9bc2-4042-bae4-d82d50c6a140",
		"name": "Portal API",
		"schema": "https://schema.getpostman.com/json/collection/v2.1.0/collection.json"
	},
	"item": [
		{
			"name": "getAccNickNameAndProductName",
			"request": {
				"auth": {
					"type": "basic",
					"basic": [
						{
							"key": "password",
							"value": "{{WS_SERVICE_PWOWS_PASSWORD}}",
							"type": "string"
						},
						{
							"key": "username",
							"value": "{{WS_SERVICE_PWOWS_USERNAME}}",
							"type": "string"
						}
					]
				},
				"method": "POST",
				"header": [
					{
						"key": "Content-Type",
						"name": "Content-Type",
						"value": "application/json",
						"type": "text"
					}
				],
				"body": {
					"mode": "raw",
					"raw": "{\n  \"companyId\": \"pitts\",\n  \"operatorId\": \"admin1\",\n  \"accountList\": [\n    {\n      \"requestId\": \"{{$guid}}\",\n      \"accountNumber\": \"1001146364\",\n      \"abaNumber\": \"043000096\"\n    }\n  ]\n}"
				},
				"url": {
					"raw": "{{url}}/portalapi/service/v1.0/account/getAccNickNameAndProductName",
					"host": [
						"{{url}}"
					],
					"path": [
						"portalapi",
						"service",
						"v1.0",
						"account",
						"getAccNickNameAndProductName"
					]
				}
			},
			"response": []
		},
		{
			"name": "Update Operator Email",
			"request": {
				"auth": {
					"type": "basic",
					"basic": [
						{
							"key": "password",
							"value": "{{WS_SERVICE_PWOWS_PASSWORD}}",
							"type": "string"
						},
						{
							"key": "username",
							"value": "{{WS_SERVICE_PWOWS_USERNAME}}",
							"type": "string"
						}
					]
				},
				"method": "PUT",
				"header": [
					{
						"key": "Content-Type",
						"name": "Content-Type",
						"type": "text",
						"value": "application/json"
					}
				],
				"body": {
					"mode": "raw",
					"raw": ""
				},
				"url": {
					"raw": "{{url}}/portalapi/service/v1.0/operator/updateOperatorEmail/company/billpay6/operator/admin1/email/manikandan.balachandran@pnc.com",
					"host": [
						"{{url}}"
					],
					"path": [
						"portalapi",
						"service",
						"v1.0",
						"operator",
						"updateOperatorEmail",
						"company",
						"billpay6",
						"operator",
						"admin1",
						"email",
						"manikandan.balachandran@pnc.com"
					]
				}
			},
			"response": []
		},
		{
			"name": "DAL Update Operator Email",
			"request": {
				"auth": {
					"type": "basic",
					"basic": [
						{
							"key": "password",
							"value": "TU_MwS",
							"type": "string"
						},
						{
							"key": "username",
							"value": "pmt-serviceid",
							"type": "string"
						}
					]
				},
				"method": "PUT",
				"header": [
					{
						"key": "Content-Type",
						"name": "Content-Type",
						"type": "text",
						"value": "application/json"
					}
				],
				"body": {
					"mode": "raw",
					"raw": ""
				},
				"url": {
					"raw": "https://pmt-iib-qa.pncint.net:7528/dal/qa2/portalapi/service/v1.0/operator/updateOperatorEmail/company/billpay66/operator/admin1/email/manikandan.balachandran@pnc.com",
					"protocol": "https",
					"host": [
						"pmt-iib-qa",
						"pncint",
						"net"
					],
					"port": "7528",
					"path": [
						"dal",
						"qa2",
						"portalapi",
						"service",
						"v1.0",
						"operator",
						"updateOperatorEmail",
						"company",
						"billpay66",
						"operator",
						"admin1",
						"email",
						"manikandan.balachandran@pnc.com"
					]
				}
			},
			"response": []
		},
		{
			"name": "QA4 DAL Update Operator Email Copy",
			"request": {
				"auth": {
					"type": "basic",
					"basic": [
						{
							"key": "password",
							"value": "TU_MwS",
							"type": "string"
						},
						{
							"key": "username",
							"value": "pmt-serviceid",
							"type": "string"
						}
					]
				},
				"method": "PUT",
				"header": [
					{
						"key": "Content-Type",
						"name": "Content-Type",
						"type": "text",
						"value": "application/json"
					}
				],
				"body": {
					"mode": "raw",
					"raw": ""
				},
				"url": {
					"raw": "https://pmt-iib-qa.pncint.net:7512/dal/qa4/portalapi/service/v1.0/operator/updateOperatorEmail/company/billpay66/operator/admin1/email/manikandan.balachandran@pnc.com",
					"protocol": "https",
					"host": [
						"pmt-iib-qa",
						"pncint",
						"net"
					],
					"port": "7512",
					"path": [
						"dal",
						"qa4",
						"portalapi",
						"service",
						"v1.0",
						"operator",
						"updateOperatorEmail",
						"company",
						"billpay66",
						"operator",
						"admin1",
						"email",
						"manikandan.balachandran@pnc.com"
					]
				}
			},
			"response": []
		},
		{
			"name": "getAccNickNameAndProductName QA4 DAL",
			"request": {
				"auth": {
					"type": "basic",
					"basic": [
						{
							"key": "password",
							"value": "TU_MwS",
							"type": "string"
						},
						{
							"key": "username",
							"value": "pmt-serviceid",
							"type": "string"
						}
					]
				},
				"method": "POST",
				"header": [
					{
						"key": "Content-Type",
						"name": "Content-Type",
						"value": "application/json",
						"type": "text"
					}
				],
				"body": {
					"mode": "raw",
					"raw": "{\n  \"companyId\": \"pitts\",\n  \"operatorId\": \"admin1\",\n  \"accountList\": [\n    {\n      \"requestId\": \"{{$guid}}\",\n      \"accountNumber\": \"1001146364\",\n      \"abaNumber\": \"043000096\"\n    }\n  ]\n}"
				},
				"url": {
					"raw": "https://pmt-iib-qa.pncint.net:7512/dal/qa4/portalapi/service/v1.0/account/getAccNickNameAndProductName",
					"protocol": "https",
					"host": [
						"pmt-iib-qa",
						"pncint",
						"net"
					],
					"port": "7512",
					"path": [
						"dal",
						"qa4",
						"portalapi",
						"service",
						"v1.0",
						"account",
						"getAccNickNameAndProductName"
					]
				}
			},
			"response": []
		},
		{
			"name": "Update Operator Email Copy Copy",
			"request": {
				"auth": {
					"type": "basic",
					"basic": [
						{
							"key": "password",
							"value": "{{WS_SERVICE_PWOWS_PASSWORD}}",
							"type": "string"
						},
						{
							"key": "username",
							"value": "{{WS_SERVICE_PWOWS_USERNAME}}",
							"type": "string"
						}
					]
				},
				"method": "PUT",
				"header": [
					{
						"key": "Content-Type",
						"name": "Content-Type",
						"type": "text",
						"value": "application/json"
					}
				],
				"body": {
					"mode": "raw",
					"raw": ""
				},
				"url": {
					"raw": "{{url}}/portalapi/service/v1.0/operator/updateOperatorEmail/company/billpay6/operator/admin1/email/manikandan.balachandran@pnc.com",
					"host": [
						"{{url}}"
					],
					"path": [
						"portalapi",
						"service",
						"v1.0",
						"operator",
						"updateOperatorEmail",
						"company",
						"billpay6",
						"operator",
						"admin1",
						"email",
						"manikandan.balachandran@pnc.com"
					]
				}
			},
			"response": []
		}
	]
}