{
	"info": {
		"_postman_id": "ce957617-4956-46fc-a80e-1e2421c7f500",
		"name": "PSS API Services",
		"schema": "https://schema.getpostman.com/json/collection/v2.1.0/collection.json"
	},
	"item": [
		{
			"name": "Existing Subscriptions by module",
			"request": {
				"method": "POST",
				"header": [
					{
						"key": "Authorization",
						"value": "{{BasicAuthorization}}",
						"type": "text"
					},
					{
						"key": "EN-AuthKey",
						"value": "{{EN-AuthKey}}",
						"type": "text"
					},
					{
						"key": "Content-Type",
						"name": "Content-Type",
						"value": "application/json",
						"type": "text"
					}
				],
				"body": {
					"mode": "raw",
					"raw": "{\n    \"sourceSystem\": \"PWX\",\n    \"clientRefId\": \"{{$guid}}\",\n    \"clientGroup\": \"fiserv10\",\n    \"clientUserKey\": \"admin1\",\n    \"serviceNum\": [\n        \"745\"\n    ],\n    \"brand\": \"CommExp\"\n}"
				},
				"url": {
					"raw": "{{url}}/EN/subscriptionService/existingSubscriptionsByModule",
					"host": [
						"{{url}}"
					],
					"path": [
						"EN",
						"subscriptionService",
						"existingSubscriptionsByModule"
					]
				},
				"description": "ExistingSubscriptionsByModule"
			},
			"response": []
		},
		{
			"name": "Save Subscriptions by module",
			"request": {
				"method": "POST",
				"header": [
					{
						"key": "Authorization",
						"type": "text",
						"value": "{{BasicAuthorization}}"
					},
					{
						"key": "EN-AuthKey",
						"type": "text",
						"value": "{{EN-AuthKey}}"
					},
					{
						"key": "Content-Type",
						"name": "Content-Type",
						"type": "text",
						"value": "application/json"
					}
				],
				"body": {
					"mode": "raw",
					"raw": "{\n    \"sourceSystem\": \"PWX\",\n    \"clientRefId\": \"17a1ea76-bb0a-45e7-8e49-9b3e9aa79f2c\",\n    \"clientGroup\": \"billpay6\",\n    \"clientUserKey\": \"admin1\",\n    \"brand\": \"CommExp\",\n    \"serviceNumDetails\": [\n        {\n            \"serviceNum\": \"714\",\n            \"subscriptionTypeDetails\": [\n                {\n                    \"subscriptionTypeDisplayTag\": \"Deposit Status Change\",\n                    \"eventType\": \"EventCXRDWDepositStatusChange\",\n                    \"alertType\": \"AlertCXRDWDepositStatusChange\",\n                    \"subscriptionList\": [\n                        {\n                            \"subscriptionName\": \"Deposit Status Change\",\n                            \"channelPreferences\": {\n                                \"primaryEmailChannel\": {\n                                    \"isChecked\": \"Y\",\n                                    \"primaryEmail\": \"manikandan.balachandran@pnc.com\",\n                                    \"hasAttachment\": \"N\"\n                                },\n                                \"smsChannel\": {\n                                    \"isChecked\": \"Y\",\n                                    \"phoneNumber\": \"15109901639\"\n                                },\n                                \"messageCenterChannel\": {\n                                    \"isChecked\": \"Y\"\n                                }\n                            },\n                            \"subscriptionBusinessOptions\": {\n                                \"accountList\": [\n                                    {\n                                        \"accountName\": \"Charlie\",\n                                        \"accountNum\": \"1000838\",\n                                        \"bankNum\": \"043000096\"\n                                    },\n                                    {\n                                        \"accountName\": null,\n                                        \"accountNum\": \"1001146364\",\n                                        \"bankNum\": \"043000096\"\n                                    },\n                                    {\n                                        \"accountName\": null,\n                                        \"accountNum\": \"1001742801\",\n                                        \"bankNum\": \"043000096\"\n                                    },\n                                    {\n                                        \"accountName\": null,\n                                        \"accountNum\": \"529\",\n                                        \"bankNum\": \"043000096\"\n                                    },\n                                    {\n                                        \"accountName\": null,\n                                        \"accountNum\": \"1001342322\",\n                                        \"bankNum\": \"043000096\"\n                                    }\n                                ],\n                                \"reportTypeList\": []\n                            },\n                            \"subscriptionOtherOptions\": {\n                                \"optionDetails\": []\n                            },\n                            \"numericConditions\": [],\n                            \"nonNumericConditions\": [\n                                {\n                                    \"businessKeyName\": \"transactionStatus\",\n                                    \"nonNumericCondition\": \"EQ\",\n                                    \"nonNumericValue\": \"REJECT\"\n                                }\n                            ],\n                            \"deliveryFrequencyDetails\": {\n                                \"isSendAsAvailable\": \"Y\",\n                                \"atWhen\": null,\n                                \"everyNHours\": null,\n                                \"reminder\": null\n                            },\n                            \"createdBy\": \"admin1\",\n                            \"createdDT\": \"2019-09-11T15:09:00.984-04:00\",\n                            \"modifiedBy\": \"admin1\",\n                            \"modifiedDT\": \"2019-09-11T15:09:00.984-04:00\"\n                        }\n                    ]\n                }\n            ]\n        }\n    ]\n}"
				},
				"url": {
					"raw": "{{url}}/EN/subscriptionService/saveSubscriptionsByModule",
					"host": [
						"{{url}}"
					],
					"path": [
						"EN",
						"subscriptionService",
						"saveSubscriptionsByModule"
					]
				},
				"description": "ExistingSubscriptionsByModule"
			},
			"response": []
		},
		{
			"name": "Eligible Subscriptions by module",
			"request": {
				"method": "POST",
				"header": [
					{
						"key": "Authorization",
						"value": "{{BasicAuthorization}}",
						"type": "text"
					},
					{
						"key": "EN-AuthKey",
						"value": "{{EN-AuthKey}}",
						"type": "text"
					},
					{
						"key": "Content-Type",
						"value": "application/json",
						"type": "text"
					}
				],
				"body": {
					"mode": "raw",
					"raw": "{\n  \"sourceSystem\" : \"PWX\",\n  \"clientRefId\" : \"{{$guid}}\",\n  \"clientGroup\" : \"fiserv10\",\n  \"clientUserKey\" : \"admin1\",\n  \"brand\" : \"CommExp\",\n  \"serviceNum\" : \"745\"\n}"
				},
				"url": {
					"raw": "{{url}}/EN/subscriptionService/eligibleSubscriptionsByModule",
					"host": [
						"{{url}}"
					],
					"path": [
						"EN",
						"subscriptionService",
						"eligibleSubscriptionsByModule"
					]
				}
			},
			"response": []
		},
		{
			"name": "getMessageList",
			"request": {
				"method": "POST",
				"header": [
					{
						"key": "Authorization",
						"value": "{{BasicAuthorization}}",
						"type": "text"
					},
					{
						"key": "EN-AuthKey",
						"value": "{{EN-AuthKey}}",
						"type": "text"
					},
					{
						"key": "Content-Type",
						"value": "application/json",
						"type": "text"
					}
				],
				"body": {
					"mode": "raw",
					"raw": "{\n  \"clientRefId\" : \"{{$guid}}\",\n  \"clientGroup\": \"pitts2\",\n  \"clientUserKey\": \"admin2\",\n  \"sourceSystem\": \"PWX\",\n  \"startDate\": \"09-Aug-19\",\n  \"endDate\": \"23-Aug-19\",\n  \"msgCenterAlertId\": null,\n  \"messageType\": null,\n  \"messageStatus\": null,\n  \"filterBy\": {\n    \"messageType\": \"NOTIFICATION,BSATARGETEDALERTS\",\n    \"messageStatus\": \"UNREAD\",\n    \"priority\": null\n  },\n  \"topList\": true\n}"
				},
				"url": {
					"raw": "https://pmt-iib-qa.pncint.net:7512/EN/messageCenterService/getMessageList",
					"protocol": "https",
					"host": [
						"pmt-iib-qa",
						"pncint",
						"net"
					],
					"port": "7512",
					"path": [
						"EN",
						"messageCenterService",
						"getMessageList"
					]
				}
			},
			"response": []
		},
		{
			"name": "Tiles View",
			"request": {
				"method": "GET",
				"header": [
					{
						"key": "Authorization",
						"value": "{{BasicAuthorization}}",
						"type": "text"
					},
					{
						"key": "EN-AuthKey",
						"value": "{{EN-AuthKey}}",
						"type": "text"
					},
					{
						"key": "Content-Type",
						"value": "application/json",
						"type": "text"
					},
					{
						"key": "x-sourceSystem",
						"value": "PWX",
						"type": "text"
					},
					{
						"key": "x-clientRefId",
						"value": "{{$guid}}",
						"type": "text"
					},
					{
						"key": "x-clientGroup",
						"value": "pitts",
						"type": "text"
					},
					{
						"key": "x-clientUserKey",
						"value": "admin1",
						"type": "text"
					},
					{
						"key": "x-brand",
						"value": "CommExp",
						"type": "text"
					}
				],
				"body": {
					"mode": "raw",
					"raw": ""
				},
				"url": {
					"raw": "{{url}}/en/v1/subscriptions",
					"host": [
						"{{url}}"
					],
					"path": [
						"en",
						"v1",
						"subscriptions"
					]
				}
			},
			"response": []
		},
		{
			"name": "Tiles View Copy",
			"request": {
				"method": "POST",
				"header": [
					{
						"key": "Authorization",
						"value": "{{BasicAuthorization}}",
						"type": "text"
					},
					{
						"key": "EN-AuthKey",
						"value": "{{EN-AuthKey}}",
						"type": "text"
					},
					{
						"key": "Content-Type",
						"value": "application/json",
						"type": "text"
					},
					{
						"key": "x-sourceSystem",
						"value": "PWX",
						"type": "text"
					},
					{
						"key": "x-clientRefId",
						"value": "{$guid}}",
						"type": "text"
					},
					{
						"key": "x-clientGroup",
						"value": "billpay6",
						"type": "text"
					},
					{
						"key": "x-clientUserKey",
						"value": "admin1",
						"type": "text"
					},
					{
						"key": "x-brand",
						"value": "CommExp",
						"type": "text"
					}
				],
				"body": {
					"mode": "raw",
					"raw": "{\n\t\"sourceSystem\": \"PWX\",\n\t\"clientRefId\": \"25a6128b-6edd-48a8-b7de-4a8d15b88dba\",\n\t\"clientGroup\": \"billpay6\",\n\t\"clientUserKey\": \"admin1\",\n\t\"brand\": \"CommExp\",\n\t\"serviceNumDetails\": [\n\t\t{\n\t\t\t\"serviceNum\": \"799\",\n\t\t\t\"subscriptionTypeDetails\": [\n\t\t\t\t{\n\t\t\t\t\t\"subscriptionTypeDisplayTag\": \"Future-Dated Payment Approaching Release\",\n\t\t\t\t\t\"eventType\": \"EventCXFutureDatedPaymentApproaching\",\n\t\t\t\t\t\"alertType\": \"AlertCXFutureDatedPaymentApproaching\",\n\t\t\t\t\t\"subscriptionList\": [\n\t\t\t\t\t\t{\n\t\t\t\t\t\t\t\"subscriptionName\": \"Future-Dated Payment Approaching Release\",\n\t\t\t\t\t\t\t\"channelPreferences\": {\n\t\t\t\t\t\t\t\t\"primaryEmailChannel\": {\n\t\t\t\t\t\t\t\t\t\"isChecked\": \"N\",\n\t\t\t\t\t\t\t\t\t\"primaryEmail\": \"manikandan.balachandran@pnc.com\",\n\t\t\t\t\t\t\t\t\t\"hasAttachment\": \"N\"\n\t\t\t\t\t\t\t\t},\n\t\t\t\t\t\t\t\t\"smsChannel\": {\n\t\t\t\t\t\t\t\t\t\"isChecked\": \"N\",\n\t\t\t\t\t\t\t\t\t\"phoneNumber\": \"15109901639\"\n\t\t\t\t\t\t\t\t},\n\t\t\t\t\t\t\t\t\"messageCenterChannel\": {\n\t\t\t\t\t\t\t\t\t\"isChecked\": \"Y\"\n\t\t\t\t\t\t\t\t}\n\t\t\t\t\t\t\t},\n\t\t\t\t\t\t\t\"subscriptionBusinessOptions\": {\n\t\t\t\t\t\t\t\t\"accountList\": [\n\t\t\t\t\t\t\t\t\t{\n\t\t\t\t\t\t\t\t\t\t\"accountName\": \"Charlie\",\n\t\t\t\t\t\t\t\t\t\t\"accountNum\": \"1000838\",\n\t\t\t\t\t\t\t\t\t\t\"bankNum\": \"043000096\"\n\t\t\t\t\t\t\t\t\t},\n\t\t\t\t\t\t\t\t\t{\n\t\t\t\t\t\t\t\t\t\t\"accountName\": null,\n\t\t\t\t\t\t\t\t\t\t\"accountNum\": \"1001146364\",\n\t\t\t\t\t\t\t\t\t\t\"bankNum\": \"043000096\"\n\t\t\t\t\t\t\t\t\t},\n\t\t\t\t\t\t\t\t\t{\n\t\t\t\t\t\t\t\t\t\t\"accountName\": null,\n\t\t\t\t\t\t\t\t\t\t\"accountNum\": \"1011111111\",\n\t\t\t\t\t\t\t\t\t\t\"bankNum\": \"043000096\"\n\t\t\t\t\t\t\t\t\t},\n\t\t\t\t\t\t\t\t\t{\n\t\t\t\t\t\t\t\t\t\t\"accountName\": null,\n\t\t\t\t\t\t\t\t\t\t\"accountNum\": \"529\",\n\t\t\t\t\t\t\t\t\t\t\"bankNum\": \"043000096\"\n\t\t\t\t\t\t\t\t\t},\n\t\t\t\t\t\t\t\t\t{\n\t\t\t\t\t\t\t\t\t\t\"accountName\": null,\n\t\t\t\t\t\t\t\t\t\t\"accountNum\": \"925\",\n\t\t\t\t\t\t\t\t\t\t\"bankNum\": \"043000096\"\n\t\t\t\t\t\t\t\t\t},\n\t\t\t\t\t\t\t\t\t{\n\t\t\t\t\t\t\t\t\t\t\"accountName\": null,\n\t\t\t\t\t\t\t\t\t\t\"accountNum\": \"1001342322\",\n\t\t\t\t\t\t\t\t\t\t\"bankNum\": \"043000096\"\n\t\t\t\t\t\t\t\t\t},\n\t\t\t\t\t\t\t\t\t{\n\t\t\t\t\t\t\t\t\t\t\"accountName\": null,\n\t\t\t\t\t\t\t\t\t\t\"accountNum\": \"1001742801\",\n\t\t\t\t\t\t\t\t\t\t\"bankNum\": \"043000096\"\n\t\t\t\t\t\t\t\t\t}\n\t\t\t\t\t\t\t\t],\n\t\t\t\t\t\t\t\t\"reportTypeList\": []\n\t\t\t\t\t\t\t},\n\t\t\t\t\t\t\t\"subscriptionOtherOptions\": {\n\t\t\t\t\t\t\t\t\"optionDetails\": []\n\t\t\t\t\t\t\t},\n\t\t\t\t\t\t\t\"numericConditions\": [],\n\t\t\t\t\t\t\t\"nonNumericConditions\": [\n\t\t\t\t\t\t\t\t{\n\t\t\t\t\t\t\t\t\t\"businessKeyName\": \"wireStatus\",\n\t\t\t\t\t\t\t\t\t\"nonNumericCondition\": \"NE\",\n\t\t\t\t\t\t\t\t\t\"nonNumericValue\": \"Null\"\n\t\t\t\t\t\t\t\t}\n\t\t\t\t\t\t\t],\n\t\t\t\t\t\t\t\"deliveryFrequencyDetails\": {\n\t\t\t\t\t\t\t\t\"isSendAsAvailable\": \"Y\",\n\t\t\t\t\t\t\t\t\"atWhen\": null,\n\t\t\t\t\t\t\t\t\"everyNHours\": null,\n\t\t\t\t\t\t\t\t\"reminder\": null\n\t\t\t\t\t\t\t},\n\t\t\t\t\t\t\t\"createdBy\": \"admin1\",\n\t\t\t\t\t\t\t\"createdDT\": \"2019-10-11T15:55:25.636-04:00\",\n\t\t\t\t\t\t\t\"modifiedBy\": \"admin1\",\n\t\t\t\t\t\t\t\"modifiedDT\": \"2019-10-11T15:55:25.636-04:00\"\n\t\t\t\t\t\t}\n\t\t\t\t\t]\n\t\t\t\t}\n\t\t\t]\n\t\t},\n\t\t{\n\t\t\t\"serviceNum\": \"799\",\n\t\t\t\"subscriptionTypeDetails\": [\n\t\t\t\t{\n\t\t\t\t\t\"subscriptionTypeDisplayTag\": \"Payment Pending Approval\",\n\t\t\t\t\t\"eventType\": \"EventCXTransferTrxnStateChange\",\n\t\t\t\t\t\"alertType\": \"AlertCXTransferTrxnPendingAppr\",\n\t\t\t\t\t\"subscriptionList\": [\n\t\t\t\t\t\t{\n\t\t\t\t\t\t\t\"subscriptionName\": \"Payment Pending Approval\",\n\t\t\t\t\t\t\t\"channelPreferences\": {\n\t\t\t\t\t\t\t\t\"primaryEmailChannel\": {\n\t\t\t\t\t\t\t\t\t\"isChecked\": \"N\",\n\t\t\t\t\t\t\t\t\t\"primaryEmail\": \"manikandan.balachandran@pnc.com\",\n\t\t\t\t\t\t\t\t\t\"hasAttachment\": \"N\"\n\t\t\t\t\t\t\t\t},\n\t\t\t\t\t\t\t\t\"smsChannel\": {\n\t\t\t\t\t\t\t\t\t\"isChecked\": \"N\",\n\t\t\t\t\t\t\t\t\t\"phoneNumber\": \"15109901639\"\n\t\t\t\t\t\t\t\t},\n\t\t\t\t\t\t\t\t\"messageCenterChannel\": {\n\t\t\t\t\t\t\t\t\t\"isChecked\": \"Y\"\n\t\t\t\t\t\t\t\t}\n\t\t\t\t\t\t\t},\n\t\t\t\t\t\t\t\"subscriptionBusinessOptions\": {\n\t\t\t\t\t\t\t\t\"accountList\": [\n\t\t\t\t\t\t\t\t\t{\n\t\t\t\t\t\t\t\t\t\t\"accountName\": \"Charlie\",\n\t\t\t\t\t\t\t\t\t\t\"accountNum\": \"1000838\",\n\t\t\t\t\t\t\t\t\t\t\"bankNum\": \"043000096\"\n\t\t\t\t\t\t\t\t\t}\n\t\t\t\t\t\t\t\t],\n\t\t\t\t\t\t\t\t\"reportTypeList\": []\n\t\t\t\t\t\t\t},\n\t\t\t\t\t\t\t\"subscriptionOtherOptions\": {\n\t\t\t\t\t\t\t\t\"optionDetails\": [\n\t\t\t\t\t\t\t\t\t{\n\t\t\t\t\t\t\t\t\t\t\"optionKey\": \"freeformWireLimitAmount\",\n\t\t\t\t\t\t\t\t\t\t\"optionValue\": [\n\t\t\t\t\t\t\t\t\t\t\t\"100000.0\"\n\t\t\t\t\t\t\t\t\t\t]\n\t\t\t\t\t\t\t\t\t}\n\t\t\t\t\t\t\t\t]\n\t\t\t\t\t\t\t},\n\t\t\t\t\t\t\t\"numericConditions\": [],\n\t\t\t\t\t\t\t\"nonNumericConditions\": [\n\t\t\t\t\t\t\t\t{\n\t\t\t\t\t\t\t\t\t\"businessKeyName\": \"transactionStatus\",\n\t\t\t\t\t\t\t\t\t\"nonNumericCondition\": \"NE\",\n\t\t\t\t\t\t\t\t\t\"nonNumericValue\": \"Null\"\n\t\t\t\t\t\t\t\t}\n\t\t\t\t\t\t\t],\n\t\t\t\t\t\t\t\"deliveryFrequencyDetails\": {\n\t\t\t\t\t\t\t\t\"isSendAsAvailable\": \"Y\",\n\t\t\t\t\t\t\t\t\"atWhen\": null,\n\t\t\t\t\t\t\t\t\"everyNHours\": null,\n\t\t\t\t\t\t\t\t\"reminder\": null\n\t\t\t\t\t\t\t},\n\t\t\t\t\t\t\t\"createdBy\": \"admin1\",\n\t\t\t\t\t\t\t\"createdDT\": \"2019-10-11T15:55:25.642-04:00\",\n\t\t\t\t\t\t\t\"modifiedBy\": \"admin1\",\n\t\t\t\t\t\t\t\"modifiedDT\": \"2019-10-11T15:55:25.642-04:00\"\n\t\t\t\t\t\t},\n\t\t\t\t\t\t{\n\t\t\t\t\t\t\t\"subscriptionName\": \"Payment Pending Approval\",\n\t\t\t\t\t\t\t\"channelPreferences\": {\n\t\t\t\t\t\t\t\t\"primaryEmailChannel\": {\n\t\t\t\t\t\t\t\t\t\"isChecked\": \"N\",\n\t\t\t\t\t\t\t\t\t\"primaryEmail\": \"manikandan.balachandran@pnc.com\",\n\t\t\t\t\t\t\t\t\t\"hasAttachment\": \"N\"\n\t\t\t\t\t\t\t\t},\n\t\t\t\t\t\t\t\t\"smsChannel\": {\n\t\t\t\t\t\t\t\t\t\"isChecked\": \"N\",\n\t\t\t\t\t\t\t\t\t\"phoneNumber\": \"15109901639\"\n\t\t\t\t\t\t\t\t},\n\t\t\t\t\t\t\t\t\"messageCenterChannel\": {\n\t\t\t\t\t\t\t\t\t\"isChecked\": \"Y\"\n\t\t\t\t\t\t\t\t}\n\t\t\t\t\t\t\t},\n\t\t\t\t\t\t\t\"subscriptionBusinessOptions\": {\n\t\t\t\t\t\t\t\t\"accountList\": [\n\t\t\t\t\t\t\t\t\t{\n\t\t\t\t\t\t\t\t\t\t\"accountName\": null,\n\t\t\t\t\t\t\t\t\t\t\"accountNum\": \"1001146364\",\n\t\t\t\t\t\t\t\t\t\t\"bankNum\": \"043000096\"\n\t\t\t\t\t\t\t\t\t}\n\t\t\t\t\t\t\t\t],\n\t\t\t\t\t\t\t\t\"reportTypeList\": []\n\t\t\t\t\t\t\t},\n\t\t\t\t\t\t\t\"subscriptionOtherOptions\": {\n\t\t\t\t\t\t\t\t\"optionDetails\": [\n\t\t\t\t\t\t\t\t\t{\n\t\t\t\t\t\t\t\t\t\t\"optionKey\": \"freeformWireLimitAmount\",\n\t\t\t\t\t\t\t\t\t\t\"optionValue\": [\n\t\t\t\t\t\t\t\t\t\t\t\"100000.0\"\n\t\t\t\t\t\t\t\t\t\t]\n\t\t\t\t\t\t\t\t\t}\n\t\t\t\t\t\t\t\t]\n\t\t\t\t\t\t\t},\n\t\t\t\t\t\t\t\"numericConditions\": [],\n\t\t\t\t\t\t\t\"nonNumericConditions\": [\n\t\t\t\t\t\t\t\t{\n\t\t\t\t\t\t\t\t\t\"businessKeyName\": \"transactionStatus\",\n\t\t\t\t\t\t\t\t\t\"nonNumericCondition\": \"NE\",\n\t\t\t\t\t\t\t\t\t\"nonNumericValue\": \"Null\"\n\t\t\t\t\t\t\t\t}\n\t\t\t\t\t\t\t],\n\t\t\t\t\t\t\t\"deliveryFrequencyDetails\": {\n\t\t\t\t\t\t\t\t\"isSendAsAvailable\": \"Y\",\n\t\t\t\t\t\t\t\t\"atWhen\": null,\n\t\t\t\t\t\t\t\t\"everyNHours\": null,\n\t\t\t\t\t\t\t\t\"reminder\": null\n\t\t\t\t\t\t\t},\n\t\t\t\t\t\t\t\"createdBy\": \"admin1\",\n\t\t\t\t\t\t\t\"createdDT\": \"2019-10-11T15:55:25.642-04:00\",\n\t\t\t\t\t\t\t\"modifiedBy\": \"admin1\",\n\t\t\t\t\t\t\t\"modifiedDT\": \"2019-10-11T15:55:25.642-04:00\"\n\t\t\t\t\t\t},\n\t\t\t\t\t\t{\n\t\t\t\t\t\t\t\"subscriptionName\": \"Payment Pending Approval\",\n\t\t\t\t\t\t\t\"channelPreferences\": {\n\t\t\t\t\t\t\t\t\"primaryEmailChannel\": {\n\t\t\t\t\t\t\t\t\t\"isChecked\": \"N\",\n\t\t\t\t\t\t\t\t\t\"primaryEmail\": \"manikandan.balachandran@pnc.com\",\n\t\t\t\t\t\t\t\t\t\"hasAttachment\": \"N\"\n\t\t\t\t\t\t\t\t},\n\t\t\t\t\t\t\t\t\"smsChannel\": {\n\t\t\t\t\t\t\t\t\t\"isChecked\": \"N\",\n\t\t\t\t\t\t\t\t\t\"phoneNumber\": \"15109901639\"\n\t\t\t\t\t\t\t\t},\n\t\t\t\t\t\t\t\t\"messageCenterChannel\": {\n\t\t\t\t\t\t\t\t\t\"isChecked\": \"Y\"\n\t\t\t\t\t\t\t\t}\n\t\t\t\t\t\t\t},\n\t\t\t\t\t\t\t\"subscriptionBusinessOptions\": {\n\t\t\t\t\t\t\t\t\"accountList\": [\n\t\t\t\t\t\t\t\t\t{\n\t\t\t\t\t\t\t\t\t\t\"accountName\": null,\n\t\t\t\t\t\t\t\t\t\t\"accountNum\": \"1011111111\",\n\t\t\t\t\t\t\t\t\t\t\"bankNum\": \"043000096\"\n\t\t\t\t\t\t\t\t\t}\n\t\t\t\t\t\t\t\t],\n\t\t\t\t\t\t\t\t\"reportTypeList\": []\n\t\t\t\t\t\t\t},\n\t\t\t\t\t\t\t\"subscriptionOtherOptions\": {\n\t\t\t\t\t\t\t\t\"optionDetails\": [\n\t\t\t\t\t\t\t\t\t{\n\t\t\t\t\t\t\t\t\t\t\"optionKey\": \"freeformWireLimitAmount\",\n\t\t\t\t\t\t\t\t\t\t\"optionValue\": [\n\t\t\t\t\t\t\t\t\t\t\t\"100000.0\"\n\t\t\t\t\t\t\t\t\t\t]\n\t\t\t\t\t\t\t\t\t}\n\t\t\t\t\t\t\t\t]\n\t\t\t\t\t\t\t},\n\t\t\t\t\t\t\t\"numericConditions\": [],\n\t\t\t\t\t\t\t\"nonNumericConditions\": [\n\t\t\t\t\t\t\t\t{\n\t\t\t\t\t\t\t\t\t\"businessKeyName\": \"transactionStatus\",\n\t\t\t\t\t\t\t\t\t\"nonNumericCondition\": \"NE\",\n\t\t\t\t\t\t\t\t\t\"nonNumericValue\": \"Null\"\n\t\t\t\t\t\t\t\t}\n\t\t\t\t\t\t\t],\n\t\t\t\t\t\t\t\"deliveryFrequencyDetails\": {\n\t\t\t\t\t\t\t\t\"isSendAsAvailable\": \"Y\",\n\t\t\t\t\t\t\t\t\"atWhen\": null,\n\t\t\t\t\t\t\t\t\"everyNHours\": null,\n\t\t\t\t\t\t\t\t\"reminder\": null\n\t\t\t\t\t\t\t},\n\t\t\t\t\t\t\t\"createdBy\": \"admin1\",\n\t\t\t\t\t\t\t\"createdDT\": \"2019-10-11T15:55:25.642-04:00\",\n\t\t\t\t\t\t\t\"modifiedBy\": \"admin1\",\n\t\t\t\t\t\t\t\"modifiedDT\": \"2019-10-11T15:55:25.642-04:00\"\n\t\t\t\t\t\t},\n\t\t\t\t\t\t{\n\t\t\t\t\t\t\t\"subscriptionName\": \"Payment Pending Approval\",\n\t\t\t\t\t\t\t\"channelPreferences\": {\n\t\t\t\t\t\t\t\t\"primaryEmailChannel\": {\n\t\t\t\t\t\t\t\t\t\"isChecked\": \"N\",\n\t\t\t\t\t\t\t\t\t\"primaryEmail\": \"manikandan.balachandran@pnc.com\",\n\t\t\t\t\t\t\t\t\t\"hasAttachment\": \"N\"\n\t\t\t\t\t\t\t\t},\n\t\t\t\t\t\t\t\t\"smsChannel\": {\n\t\t\t\t\t\t\t\t\t\"isChecked\": \"N\",\n\t\t\t\t\t\t\t\t\t\"phoneNumber\": \"15109901639\"\n\t\t\t\t\t\t\t\t},\n\t\t\t\t\t\t\t\t\"messageCenterChannel\": {\n\t\t\t\t\t\t\t\t\t\"isChecked\": \"Y\"\n\t\t\t\t\t\t\t\t}\n\t\t\t\t\t\t\t},\n\t\t\t\t\t\t\t\"subscriptionBusinessOptions\": {\n\t\t\t\t\t\t\t\t\"accountList\": [\n\t\t\t\t\t\t\t\t\t{\n\t\t\t\t\t\t\t\t\t\t\"accountName\": null,\n\t\t\t\t\t\t\t\t\t\t\"accountNum\": \"529\",\n\t\t\t\t\t\t\t\t\t\t\"bankNum\": \"043000096\"\n\t\t\t\t\t\t\t\t\t}\n\t\t\t\t\t\t\t\t],\n\t\t\t\t\t\t\t\t\"reportTypeList\": []\n\t\t\t\t\t\t\t},\n\t\t\t\t\t\t\t\"subscriptionOtherOptions\": {\n\t\t\t\t\t\t\t\t\"optionDetails\": [\n\t\t\t\t\t\t\t\t\t{\n\t\t\t\t\t\t\t\t\t\t\"optionKey\": \"freeformWireLimitAmount\",\n\t\t\t\t\t\t\t\t\t\t\"optionValue\": [\n\t\t\t\t\t\t\t\t\t\t\t\"100000.0\"\n\t\t\t\t\t\t\t\t\t\t]\n\t\t\t\t\t\t\t\t\t}\n\t\t\t\t\t\t\t\t]\n\t\t\t\t\t\t\t},\n\t\t\t\t\t\t\t\"numericConditions\": [],\n\t\t\t\t\t\t\t\"nonNumericConditions\": [\n\t\t\t\t\t\t\t\t{\n\t\t\t\t\t\t\t\t\t\"businessKeyName\": \"transactionStatus\",\n\t\t\t\t\t\t\t\t\t\"nonNumericCondition\": \"NE\",\n\t\t\t\t\t\t\t\t\t\"nonNumericValue\": \"Null\"\n\t\t\t\t\t\t\t\t}\n\t\t\t\t\t\t\t],\n\t\t\t\t\t\t\t\"deliveryFrequencyDetails\": {\n\t\t\t\t\t\t\t\t\"isSendAsAvailable\": \"Y\",\n\t\t\t\t\t\t\t\t\"atWhen\": null,\n\t\t\t\t\t\t\t\t\"everyNHours\": null,\n\t\t\t\t\t\t\t\t\"reminder\": null\n\t\t\t\t\t\t\t},\n\t\t\t\t\t\t\t\"createdBy\": \"admin1\",\n\t\t\t\t\t\t\t\"createdDT\": \"2019-10-11T15:55:25.642-04:00\",\n\t\t\t\t\t\t\t\"modifiedBy\": \"admin1\",\n\t\t\t\t\t\t\t\"modifiedDT\": \"2019-10-11T15:55:25.642-04:00\"\n\t\t\t\t\t\t},\n\t\t\t\t\t\t{\n\t\t\t\t\t\t\t\"subscriptionName\": \"Payment Pending Approval\",\n\t\t\t\t\t\t\t\"channelPreferences\": {\n\t\t\t\t\t\t\t\t\"primaryEmailChannel\": {\n\t\t\t\t\t\t\t\t\t\"isChecked\": \"N\",\n\t\t\t\t\t\t\t\t\t\"primaryEmail\": \"manikandan.balachandran@pnc.com\",\n\t\t\t\t\t\t\t\t\t\"hasAttachment\": \"N\"\n\t\t\t\t\t\t\t\t},\n\t\t\t\t\t\t\t\t\"smsChannel\": {\n\t\t\t\t\t\t\t\t\t\"isChecked\": \"N\",\n\t\t\t\t\t\t\t\t\t\"phoneNumber\": \"15109901639\"\n\t\t\t\t\t\t\t\t},\n\t\t\t\t\t\t\t\t\"messageCenterChannel\": {\n\t\t\t\t\t\t\t\t\t\"isChecked\": \"Y\"\n\t\t\t\t\t\t\t\t}\n\t\t\t\t\t\t\t},\n\t\t\t\t\t\t\t\"subscriptionBusinessOptions\": {\n\t\t\t\t\t\t\t\t\"accountList\": [\n\t\t\t\t\t\t\t\t\t{\n\t\t\t\t\t\t\t\t\t\t\"accountName\": null,\n\t\t\t\t\t\t\t\t\t\t\"accountNum\": \"925\",\n\t\t\t\t\t\t\t\t\t\t\"bankNum\": \"043000096\"\n\t\t\t\t\t\t\t\t\t}\n\t\t\t\t\t\t\t\t],\n\t\t\t\t\t\t\t\t\"reportTypeList\": []\n\t\t\t\t\t\t\t},\n\t\t\t\t\t\t\t\"subscriptionOtherOptions\": {\n\t\t\t\t\t\t\t\t\"optionDetails\": [\n\t\t\t\t\t\t\t\t\t{\n\t\t\t\t\t\t\t\t\t\t\"optionKey\": \"freeformWireLimitAmount\",\n\t\t\t\t\t\t\t\t\t\t\"optionValue\": [\n\t\t\t\t\t\t\t\t\t\t\t\"100000.0\"\n\t\t\t\t\t\t\t\t\t\t]\n\t\t\t\t\t\t\t\t\t}\n\t\t\t\t\t\t\t\t]\n\t\t\t\t\t\t\t},\n\t\t\t\t\t\t\t\"numericConditions\": [],\n\t\t\t\t\t\t\t\"nonNumericConditions\": [\n\t\t\t\t\t\t\t\t{\n\t\t\t\t\t\t\t\t\t\"businessKeyName\": \"transactionStatus\",\n\t\t\t\t\t\t\t\t\t\"nonNumericCondition\": \"NE\",\n\t\t\t\t\t\t\t\t\t\"nonNumericValue\": \"Null\"\n\t\t\t\t\t\t\t\t}\n\t\t\t\t\t\t\t],\n\t\t\t\t\t\t\t\"deliveryFrequencyDetails\": {\n\t\t\t\t\t\t\t\t\"isSendAsAvailable\": \"Y\",\n\t\t\t\t\t\t\t\t\"atWhen\": null,\n\t\t\t\t\t\t\t\t\"everyNHours\": null,\n\t\t\t\t\t\t\t\t\"reminder\": null\n\t\t\t\t\t\t\t},\n\t\t\t\t\t\t\t\"createdBy\": \"admin1\",\n\t\t\t\t\t\t\t\"createdDT\": \"2019-10-11T15:55:25.642-04:00\",\n\t\t\t\t\t\t\t\"modifiedBy\": \"admin1\",\n\t\t\t\t\t\t\t\"modifiedDT\": \"2019-10-11T15:55:25.642-04:00\"\n\t\t\t\t\t\t},\n\t\t\t\t\t\t{\n\t\t\t\t\t\t\t\"subscriptionName\": \"Payment Pending Approval\",\n\t\t\t\t\t\t\t\"channelPreferences\": {\n\t\t\t\t\t\t\t\t\"primaryEmailChannel\": {\n\t\t\t\t\t\t\t\t\t\"isChecked\": \"N\",\n\t\t\t\t\t\t\t\t\t\"primaryEmail\": \"manikandan.balachandran@pnc.com\",\n\t\t\t\t\t\t\t\t\t\"hasAttachment\": \"N\"\n\t\t\t\t\t\t\t\t},\n\t\t\t\t\t\t\t\t\"smsChannel\": {\n\t\t\t\t\t\t\t\t\t\"isChecked\": \"N\",\n\t\t\t\t\t\t\t\t\t\"phoneNumber\": \"15109901639\"\n\t\t\t\t\t\t\t\t},\n\t\t\t\t\t\t\t\t\"messageCenterChannel\": {\n\t\t\t\t\t\t\t\t\t\"isChecked\": \"Y\"\n\t\t\t\t\t\t\t\t}\n\t\t\t\t\t\t\t},\n\t\t\t\t\t\t\t\"subscriptionBusinessOptions\": {\n\t\t\t\t\t\t\t\t\"accountList\": [\n\t\t\t\t\t\t\t\t\t{\n\t\t\t\t\t\t\t\t\t\t\"accountName\": null,\n\t\t\t\t\t\t\t\t\t\t\"accountNum\": \"1001342322\",\n\t\t\t\t\t\t\t\t\t\t\"bankNum\": \"043000096\"\n\t\t\t\t\t\t\t\t\t}\n\t\t\t\t\t\t\t\t],\n\t\t\t\t\t\t\t\t\"reportTypeList\": []\n\t\t\t\t\t\t\t},\n\t\t\t\t\t\t\t\"subscriptionOtherOptions\": {\n\t\t\t\t\t\t\t\t\"optionDetails\": [\n\t\t\t\t\t\t\t\t\t{\n\t\t\t\t\t\t\t\t\t\t\"optionKey\": \"freeformWireLimitAmount\",\n\t\t\t\t\t\t\t\t\t\t\"optionValue\": [\n\t\t\t\t\t\t\t\t\t\t\t\"100000.0\"\n\t\t\t\t\t\t\t\t\t\t]\n\t\t\t\t\t\t\t\t\t}\n\t\t\t\t\t\t\t\t]\n\t\t\t\t\t\t\t},\n\t\t\t\t\t\t\t\"numericConditions\": [],\n\t\t\t\t\t\t\t\"nonNumericConditions\": [\n\t\t\t\t\t\t\t\t{\n\t\t\t\t\t\t\t\t\t\"businessKeyName\": \"transactionStatus\",\n\t\t\t\t\t\t\t\t\t\"nonNumericCondition\": \"NE\",\n\t\t\t\t\t\t\t\t\t\"nonNumericValue\": \"Null\"\n\t\t\t\t\t\t\t\t}\n\t\t\t\t\t\t\t],\n\t\t\t\t\t\t\t\"deliveryFrequencyDetails\": {\n\t\t\t\t\t\t\t\t\"isSendAsAvailable\": \"Y\",\n\t\t\t\t\t\t\t\t\"atWhen\": null,\n\t\t\t\t\t\t\t\t\"everyNHours\": null,\n\t\t\t\t\t\t\t\t\"reminder\": null\n\t\t\t\t\t\t\t},\n\t\t\t\t\t\t\t\"createdBy\": \"admin1\",\n\t\t\t\t\t\t\t\"createdDT\": \"2019-10-11T15:55:25.642-04:00\",\n\t\t\t\t\t\t\t\"modifiedBy\": \"admin1\",\n\t\t\t\t\t\t\t\"modifiedDT\": \"2019-10-11T15:55:25.642-04:00\"\n\t\t\t\t\t\t},\n\t\t\t\t\t\t{\n\t\t\t\t\t\t\t\"subscriptionName\": \"Payment Pending Approval\",\n\t\t\t\t\t\t\t\"channelPreferences\": {\n\t\t\t\t\t\t\t\t\"primaryEmailChannel\": {\n\t\t\t\t\t\t\t\t\t\"isChecked\": \"N\",\n\t\t\t\t\t\t\t\t\t\"primaryEmail\": \"manikandan.balachandran@pnc.com\",\n\t\t\t\t\t\t\t\t\t\"hasAttachment\": \"N\"\n\t\t\t\t\t\t\t\t},\n\t\t\t\t\t\t\t\t\"smsChannel\": {\n\t\t\t\t\t\t\t\t\t\"isChecked\": \"N\",\n\t\t\t\t\t\t\t\t\t\"phoneNumber\": \"15109901639\"\n\t\t\t\t\t\t\t\t},\n\t\t\t\t\t\t\t\t\"messageCenterChannel\": {\n\t\t\t\t\t\t\t\t\t\"isChecked\": \"Y\"\n\t\t\t\t\t\t\t\t}\n\t\t\t\t\t\t\t},\n\t\t\t\t\t\t\t\"subscriptionBusinessOptions\": {\n\t\t\t\t\t\t\t\t\"accountList\": [\n\t\t\t\t\t\t\t\t\t{\n\t\t\t\t\t\t\t\t\t\t\"accountName\": null,\n\t\t\t\t\t\t\t\t\t\t\"accountNum\": \"1001742801\",\n\t\t\t\t\t\t\t\t\t\t\"bankNum\": \"043000096\"\n\t\t\t\t\t\t\t\t\t}\n\t\t\t\t\t\t\t\t],\n\t\t\t\t\t\t\t\t\"reportTypeList\": []\n\t\t\t\t\t\t\t},\n\t\t\t\t\t\t\t\"subscriptionOtherOptions\": {\n\t\t\t\t\t\t\t\t\"optionDetails\": [\n\t\t\t\t\t\t\t\t\t{\n\t\t\t\t\t\t\t\t\t\t\"optionKey\": \"freeformWireLimitAmount\",\n\t\t\t\t\t\t\t\t\t\t\"optionValue\": [\n\t\t\t\t\t\t\t\t\t\t\t\"100000.0\"\n\t\t\t\t\t\t\t\t\t\t]\n\t\t\t\t\t\t\t\t\t}\n\t\t\t\t\t\t\t\t]\n\t\t\t\t\t\t\t},\n\t\t\t\t\t\t\t\"numericConditions\": [],\n\t\t\t\t\t\t\t\"nonNumericConditions\": [\n\t\t\t\t\t\t\t\t{\n\t\t\t\t\t\t\t\t\t\"businessKeyName\": \"transactionStatus\",\n\t\t\t\t\t\t\t\t\t\"nonNumericCondition\": \"NE\",\n\t\t\t\t\t\t\t\t\t\"nonNumericValue\": \"Null\"\n\t\t\t\t\t\t\t\t}\n\t\t\t\t\t\t\t],\n\t\t\t\t\t\t\t\"deliveryFrequencyDetails\": {\n\t\t\t\t\t\t\t\t\"isSendAsAvailable\": \"Y\",\n\t\t\t\t\t\t\t\t\"atWhen\": null,\n\t\t\t\t\t\t\t\t\"everyNHours\": null,\n\t\t\t\t\t\t\t\t\"reminder\": null\n\t\t\t\t\t\t\t},\n\t\t\t\t\t\t\t\"createdBy\": \"admin1\",\n\t\t\t\t\t\t\t\"createdDT\": \"2019-10-11T15:55:25.642-04:00\",\n\t\t\t\t\t\t\t\"modifiedBy\": \"admin1\",\n\t\t\t\t\t\t\t\"modifiedDT\": \"2019-10-11T15:55:25.642-04:00\"\n\t\t\t\t\t\t}\n\t\t\t\t\t]\n\t\t\t\t}\n\t\t\t]\n\t\t},\n\t\t{\n\t\t\t\"serviceNum\": \"799\",\n\t\t\t\"subscriptionTypeDetails\": [\n\t\t\t\t{\n\t\t\t\t\t\"subscriptionTypeDisplayTag\": \"Payment Rejected for Repair\",\n\t\t\t\t\t\"eventType\": \"EventCXPmtRejectedForRepair\",\n\t\t\t\t\t\"alertType\": \"AlertCXPmtRejectedForRepair\",\n\t\t\t\t\t\"subscriptionList\": [\n\t\t\t\t\t\t{\n\t\t\t\t\t\t\t\"subscriptionName\": \"Payment Rejected for Repair\",\n\t\t\t\t\t\t\t\"channelPreferences\": {\n\t\t\t\t\t\t\t\t\"primaryEmailChannel\": {\n\t\t\t\t\t\t\t\t\t\"isChecked\": \"N\",\n\t\t\t\t\t\t\t\t\t\"primaryEmail\": \"manikandan.balachandran@pnc.com\",\n\t\t\t\t\t\t\t\t\t\"hasAttachment\": \"N\"\n\t\t\t\t\t\t\t\t},\n\t\t\t\t\t\t\t\t\"smsChannel\": {\n\t\t\t\t\t\t\t\t\t\"isChecked\": \"N\",\n\t\t\t\t\t\t\t\t\t\"phoneNumber\": \"15109901639\"\n\t\t\t\t\t\t\t\t},\n\t\t\t\t\t\t\t\t\"messageCenterChannel\": {\n\t\t\t\t\t\t\t\t\t\"isChecked\": \"Y\"\n\t\t\t\t\t\t\t\t}\n\t\t\t\t\t\t\t},\n\t\t\t\t\t\t\t\"subscriptionBusinessOptions\": {\n\t\t\t\t\t\t\t\t\"accountList\": [\n\t\t\t\t\t\t\t\t\t{\n\t\t\t\t\t\t\t\t\t\t\"accountName\": \"Charlie\",\n\t\t\t\t\t\t\t\t\t\t\"accountNum\": \"1000838\",\n\t\t\t\t\t\t\t\t\t\t\"bankNum\": \"043000096\"\n\t\t\t\t\t\t\t\t\t},\n\t\t\t\t\t\t\t\t\t{\n\t\t\t\t\t\t\t\t\t\t\"accountName\": null,\n\t\t\t\t\t\t\t\t\t\t\"accountNum\": \"1001146364\",\n\t\t\t\t\t\t\t\t\t\t\"bankNum\": \"043000096\"\n\t\t\t\t\t\t\t\t\t},\n\t\t\t\t\t\t\t\t\t{\n\t\t\t\t\t\t\t\t\t\t\"accountName\": null,\n\t\t\t\t\t\t\t\t\t\t\"accountNum\": \"1011111111\",\n\t\t\t\t\t\t\t\t\t\t\"bankNum\": \"043000096\"\n\t\t\t\t\t\t\t\t\t},\n\t\t\t\t\t\t\t\t\t{\n\t\t\t\t\t\t\t\t\t\t\"accountName\": null,\n\t\t\t\t\t\t\t\t\t\t\"accountNum\": \"529\",\n\t\t\t\t\t\t\t\t\t\t\"bankNum\": \"043000096\"\n\t\t\t\t\t\t\t\t\t},\n\t\t\t\t\t\t\t\t\t{\n\t\t\t\t\t\t\t\t\t\t\"accountName\": null,\n\t\t\t\t\t\t\t\t\t\t\"accountNum\": \"925\",\n\t\t\t\t\t\t\t\t\t\t\"bankNum\": \"043000096\"\n\t\t\t\t\t\t\t\t\t},\n\t\t\t\t\t\t\t\t\t{\n\t\t\t\t\t\t\t\t\t\t\"accountName\": null,\n\t\t\t\t\t\t\t\t\t\t\"accountNum\": \"1001342322\",\n\t\t\t\t\t\t\t\t\t\t\"bankNum\": \"043000096\"\n\t\t\t\t\t\t\t\t\t},\n\t\t\t\t\t\t\t\t\t{\n\t\t\t\t\t\t\t\t\t\t\"accountName\": null,\n\t\t\t\t\t\t\t\t\t\t\"accountNum\": \"1001742801\",\n\t\t\t\t\t\t\t\t\t\t\"bankNum\": \"043000096\"\n\t\t\t\t\t\t\t\t\t}\n\t\t\t\t\t\t\t\t],\n\t\t\t\t\t\t\t\t\"reportTypeList\": []\n\t\t\t\t\t\t\t},\n\t\t\t\t\t\t\t\"subscriptionOtherOptions\": {\n\t\t\t\t\t\t\t\t\"optionDetails\": []\n\t\t\t\t\t\t\t},\n\t\t\t\t\t\t\t\"numericConditions\": [],\n\t\t\t\t\t\t\t\"nonNumericConditions\": [],\n\t\t\t\t\t\t\t\"deliveryFrequencyDetails\": {\n\t\t\t\t\t\t\t\t\"isSendAsAvailable\": \"Y\",\n\t\t\t\t\t\t\t\t\"atWhen\": null,\n\t\t\t\t\t\t\t\t\"everyNHours\": null,\n\t\t\t\t\t\t\t\t\"reminder\": null\n\t\t\t\t\t\t\t},\n\t\t\t\t\t\t\t\"createdBy\": \"admin1\",\n\t\t\t\t\t\t\t\"createdDT\": \"2019-10-11T15:55:25.643-04:00\",\n\t\t\t\t\t\t\t\"modifiedBy\": \"admin1\",\n\t\t\t\t\t\t\t\"modifiedDT\": \"2019-10-11T15:55:25.643-04:00\"\n\t\t\t\t\t\t}\n\t\t\t\t\t]\n\t\t\t\t}\n\t\t\t]\n\t\t},\n\t\t{\n\t\t\t\"serviceNum\": \"799\",\n\t\t\t\"subscriptionTypeDetails\": [\n\t\t\t\t{\n\t\t\t\t\t\"subscriptionTypeDisplayTag\": \"Payment Status\",\n\t\t\t\t\t\"eventType\": \"EventCXPaymentStatusChanged\",\n\t\t\t\t\t\"alertType\": \"AlertCXPaymentStatus\",\n\t\t\t\t\t\"subscriptionList\": [\n\t\t\t\t\t\t{\n\t\t\t\t\t\t\t\"subscriptionName\": \"Payment Status\",\n\t\t\t\t\t\t\t\"channelPreferences\": {\n\t\t\t\t\t\t\t\t\"primaryEmailChannel\": {\n\t\t\t\t\t\t\t\t\t\"isChecked\": \"N\",\n\t\t\t\t\t\t\t\t\t\"primaryEmail\": \"manikandan.balachandran@pnc.com\",\n\t\t\t\t\t\t\t\t\t\"hasAttachment\": \"N\"\n\t\t\t\t\t\t\t\t},\n\t\t\t\t\t\t\t\t\"smsChannel\": {\n\t\t\t\t\t\t\t\t\t\"isChecked\": \"N\",\n\t\t\t\t\t\t\t\t\t\"phoneNumber\": \"15109901639\"\n\t\t\t\t\t\t\t\t},\n\t\t\t\t\t\t\t\t\"messageCenterChannel\": {\n\t\t\t\t\t\t\t\t\t\"isChecked\": \"Y\"\n\t\t\t\t\t\t\t\t}\n\t\t\t\t\t\t\t},\n\t\t\t\t\t\t\t\"subscriptionBusinessOptions\": {\n\t\t\t\t\t\t\t\t\"accountList\": [\n\t\t\t\t\t\t\t\t\t{\n\t\t\t\t\t\t\t\t\t\t\"accountName\": \"Charlie\",\n\t\t\t\t\t\t\t\t\t\t\"accountNum\": \"1000838\",\n\t\t\t\t\t\t\t\t\t\t\"bankNum\": \"043000096\"\n\t\t\t\t\t\t\t\t\t},\n\t\t\t\t\t\t\t\t\t{\n\t\t\t\t\t\t\t\t\t\t\"accountName\": null,\n\t\t\t\t\t\t\t\t\t\t\"accountNum\": \"1001146364\",\n\t\t\t\t\t\t\t\t\t\t\"bankNum\": \"043000096\"\n\t\t\t\t\t\t\t\t\t},\n\t\t\t\t\t\t\t\t\t{\n\t\t\t\t\t\t\t\t\t\t\"accountName\": null,\n\t\t\t\t\t\t\t\t\t\t\"accountNum\": \"1011111111\",\n\t\t\t\t\t\t\t\t\t\t\"bankNum\": \"043000096\"\n\t\t\t\t\t\t\t\t\t},\n\t\t\t\t\t\t\t\t\t{\n\t\t\t\t\t\t\t\t\t\t\"accountName\": null,\n\t\t\t\t\t\t\t\t\t\t\"accountNum\": \"529\",\n\t\t\t\t\t\t\t\t\t\t\"bankNum\": \"043000096\"\n\t\t\t\t\t\t\t\t\t},\n\t\t\t\t\t\t\t\t\t{\n\t\t\t\t\t\t\t\t\t\t\"accountName\": null,\n\t\t\t\t\t\t\t\t\t\t\"accountNum\": \"925\",\n\t\t\t\t\t\t\t\t\t\t\"bankNum\": \"043000096\"\n\t\t\t\t\t\t\t\t\t},\n\t\t\t\t\t\t\t\t\t{\n\t\t\t\t\t\t\t\t\t\t\"accountName\": null,\n\t\t\t\t\t\t\t\t\t\t\"accountNum\": \"1001342322\",\n\t\t\t\t\t\t\t\t\t\t\"bankNum\": \"043000096\"\n\t\t\t\t\t\t\t\t\t},\n\t\t\t\t\t\t\t\t\t{\n\t\t\t\t\t\t\t\t\t\t\"accountName\": null,\n\t\t\t\t\t\t\t\t\t\t\"accountNum\": \"1001742801\",\n\t\t\t\t\t\t\t\t\t\t\"bankNum\": \"043000096\"\n\t\t\t\t\t\t\t\t\t}\n\t\t\t\t\t\t\t\t],\n\t\t\t\t\t\t\t\t\"reportTypeList\": []\n\t\t\t\t\t\t\t},\n\t\t\t\t\t\t\t\"subscriptionOtherOptions\": {\n\t\t\t\t\t\t\t\t\"optionDetails\": [\n\t\t\t\t\t\t\t\t\t{\n\t\t\t\t\t\t\t\t\t\t\"optionKey\": \"wireStatuses\",\n\t\t\t\t\t\t\t\t\t\t\"optionValue\": [\n\t\t\t\t\t\t\t\t\t\t\t\"CONFIRMED\",\n\t\t\t\t\t\t\t\t\t\t\t\"DELIVERED\",\n\t\t\t\t\t\t\t\t\t\t\t\"DELETED\",\n\t\t\t\t\t\t\t\t\t\t\t\"CANCELLED\",\n\t\t\t\t\t\t\t\t\t\t\t\"REJECTED\",\n\t\t\t\t\t\t\t\t\t\t\t\"STALE_DATED\"\n\t\t\t\t\t\t\t\t\t\t]\n\t\t\t\t\t\t\t\t\t}\n\t\t\t\t\t\t\t\t]\n\t\t\t\t\t\t\t},\n\t\t\t\t\t\t\t\"numericConditions\": [\n\t\t\t\t\t\t\t\t{\n\t\t\t\t\t\t\t\t\t\"businessKeyName\": \"transactionAmount\",\n\t\t\t\t\t\t\t\t\t\"numericCondition\": \"GT_EQ\",\n\t\t\t\t\t\t\t\t\t\"numericValue\": \"10.00\"\n\t\t\t\t\t\t\t\t}\n\t\t\t\t\t\t\t],\n\t\t\t\t\t\t\t\"nonNumericConditions\": [],\n\t\t\t\t\t\t\t\"deliveryFrequencyDetails\": {\n\t\t\t\t\t\t\t\t\"isSendAsAvailable\": \"Y\",\n\t\t\t\t\t\t\t\t\"atWhen\": null,\n\t\t\t\t\t\t\t\t\"everyNHours\": null,\n\t\t\t\t\t\t\t\t\"reminder\": null\n\t\t\t\t\t\t\t},\n\t\t\t\t\t\t\t\"createdBy\": \"admin1\",\n\t\t\t\t\t\t\t\"createdDT\": \"2019-10-11T15:55:25.643-04:00\",\n\t\t\t\t\t\t\t\"modifiedBy\": \"admin1\",\n\t\t\t\t\t\t\t\"modifiedDT\": \"2019-10-11T15:55:25.643-04:00\"\n\t\t\t\t\t\t}\n\t\t\t\t\t]\n\t\t\t\t}\n\t\t\t]\n\t\t},\n\t\t{\n\t\t\t\"serviceNum\": \"799\",\n\t\t\t\"subscriptionTypeDetails\": [\n\t\t\t\t{\n\t\t\t\t\t\"subscriptionTypeDisplayTag\": \"Template Pending Approval\",\n\t\t\t\t\t\"eventType\": \"EventCXTransferTemplateStateChange\",\n\t\t\t\t\t\"alertType\": \"AlertCXTransferTemplatePendingApprv\",\n\t\t\t\t\t\"subscriptionList\": [\n\t\t\t\t\t\t{\n\t\t\t\t\t\t\t\"subscriptionName\": \"Payment Pending Approval\",\n\t\t\t\t\t\t\t\"channelPreferences\": {\n\t\t\t\t\t\t\t\t\"primaryEmailChannel\": {\n\t\t\t\t\t\t\t\t\t\"isChecked\": \"N\",\n\t\t\t\t\t\t\t\t\t\"primaryEmail\": \"manikandan.balachandran@pnc.com\",\n\t\t\t\t\t\t\t\t\t\"hasAttachment\": \"N\"\n\t\t\t\t\t\t\t\t},\n\t\t\t\t\t\t\t\t\"smsChannel\": {\n\t\t\t\t\t\t\t\t\t\"isChecked\": \"N\",\n\t\t\t\t\t\t\t\t\t\"phoneNumber\": \"15109901639\"\n\t\t\t\t\t\t\t\t},\n\t\t\t\t\t\t\t\t\"messageCenterChannel\": {\n\t\t\t\t\t\t\t\t\t\"isChecked\": \"Y\"\n\t\t\t\t\t\t\t\t}\n\t\t\t\t\t\t\t},\n\t\t\t\t\t\t\t\"subscriptionBusinessOptions\": {\n\t\t\t\t\t\t\t\t\"accountList\": [\n\t\t\t\t\t\t\t\t\t{\n\t\t\t\t\t\t\t\t\t\t\"accountName\": \"Charlie\",\n\t\t\t\t\t\t\t\t\t\t\"accountNum\": \"1000838\",\n\t\t\t\t\t\t\t\t\t\t\"bankNum\": \"043000096\"\n\t\t\t\t\t\t\t\t\t}\n\t\t\t\t\t\t\t\t],\n\t\t\t\t\t\t\t\t\"reportTypeList\": []\n\t\t\t\t\t\t\t},\n\t\t\t\t\t\t\t\"subscriptionOtherOptions\": {\n\t\t\t\t\t\t\t\t\"optionDetails\": []\n\t\t\t\t\t\t\t},\n\t\t\t\t\t\t\t\"numericConditions\": [],\n\t\t\t\t\t\t\t\"nonNumericConditions\": [\n\t\t\t\t\t\t\t\t{\n\t\t\t\t\t\t\t\t\t\"businessKeyName\": \"templateStatus\",\n\t\t\t\t\t\t\t\t\t\"nonNumericCondition\": \"NE\",\n\t\t\t\t\t\t\t\t\t\"nonNumericValue\": \"Null\"\n\t\t\t\t\t\t\t\t}\n\t\t\t\t\t\t\t],\n\t\t\t\t\t\t\t\"deliveryFrequencyDetails\": {\n\t\t\t\t\t\t\t\t\"isSendAsAvailable\": \"Y\",\n\t\t\t\t\t\t\t\t\"atWhen\": null,\n\t\t\t\t\t\t\t\t\"everyNHours\": null,\n\t\t\t\t\t\t\t\t\"reminder\": null\n\t\t\t\t\t\t\t},\n\t\t\t\t\t\t\t\"createdBy\": \"admin1\",\n\t\t\t\t\t\t\t\"createdDT\": \"2019-10-11T15:55:25.643-04:00\",\n\t\t\t\t\t\t\t\"modifiedBy\": \"admin1\",\n\t\t\t\t\t\t\t\"modifiedDT\": \"2019-10-11T15:55:25.643-04:00\"\n\t\t\t\t\t\t},\n\t\t\t\t\t\t{\n\t\t\t\t\t\t\t\"subscriptionName\": \"Payment Pending Approval\",\n\t\t\t\t\t\t\t\"channelPreferences\": {\n\t\t\t\t\t\t\t\t\"primaryEmailChannel\": {\n\t\t\t\t\t\t\t\t\t\"isChecked\": \"N\",\n\t\t\t\t\t\t\t\t\t\"primaryEmail\": \"manikandan.balachandran@pnc.com\",\n\t\t\t\t\t\t\t\t\t\"hasAttachment\": \"N\"\n\t\t\t\t\t\t\t\t},\n\t\t\t\t\t\t\t\t\"smsChannel\": {\n\t\t\t\t\t\t\t\t\t\"isChecked\": \"N\",\n\t\t\t\t\t\t\t\t\t\"phoneNumber\": \"15109901639\"\n\t\t\t\t\t\t\t\t},\n\t\t\t\t\t\t\t\t\"messageCenterChannel\": {\n\t\t\t\t\t\t\t\t\t\"isChecked\": \"Y\"\n\t\t\t\t\t\t\t\t}\n\t\t\t\t\t\t\t},\n\t\t\t\t\t\t\t\"subscriptionBusinessOptions\": {\n\t\t\t\t\t\t\t\t\"accountList\": [\n\t\t\t\t\t\t\t\t\t{\n\t\t\t\t\t\t\t\t\t\t\"accountName\": null,\n\t\t\t\t\t\t\t\t\t\t\"accountNum\": \"1001146364\",\n\t\t\t\t\t\t\t\t\t\t\"bankNum\": \"043000096\"\n\t\t\t\t\t\t\t\t\t}\n\t\t\t\t\t\t\t\t],\n\t\t\t\t\t\t\t\t\"reportTypeList\": []\n\t\t\t\t\t\t\t},\n\t\t\t\t\t\t\t\"subscriptionOtherOptions\": {\n\t\t\t\t\t\t\t\t\"optionDetails\": []\n\t\t\t\t\t\t\t},\n\t\t\t\t\t\t\t\"numericConditions\": [],\n\t\t\t\t\t\t\t\"nonNumericConditions\": [\n\t\t\t\t\t\t\t\t{\n\t\t\t\t\t\t\t\t\t\"businessKeyName\": \"templateStatus\",\n\t\t\t\t\t\t\t\t\t\"nonNumericCondition\": \"NE\",\n\t\t\t\t\t\t\t\t\t\"nonNumericValue\": \"Null\"\n\t\t\t\t\t\t\t\t}\n\t\t\t\t\t\t\t],\n\t\t\t\t\t\t\t\"deliveryFrequencyDetails\": {\n\t\t\t\t\t\t\t\t\"isSendAsAvailable\": \"Y\",\n\t\t\t\t\t\t\t\t\"atWhen\": null,\n\t\t\t\t\t\t\t\t\"everyNHours\": null,\n\t\t\t\t\t\t\t\t\"reminder\": null\n\t\t\t\t\t\t\t},\n\t\t\t\t\t\t\t\"createdBy\": \"admin1\",\n\t\t\t\t\t\t\t\"createdDT\": \"2019-10-11T15:55:25.643-04:00\",\n\t\t\t\t\t\t\t\"modifiedBy\": \"admin1\",\n\t\t\t\t\t\t\t\"modifiedDT\": \"2019-10-11T15:55:25.643-04:00\"\n\t\t\t\t\t\t},\n\t\t\t\t\t\t{\n\t\t\t\t\t\t\t\"subscriptionName\": \"Payment Pending Approval\",\n\t\t\t\t\t\t\t\"channelPreferences\": {\n\t\t\t\t\t\t\t\t\"primaryEmailChannel\": {\n\t\t\t\t\t\t\t\t\t\"isChecked\": \"N\",\n\t\t\t\t\t\t\t\t\t\"primaryEmail\": \"manikandan.balachandran@pnc.com\",\n\t\t\t\t\t\t\t\t\t\"hasAttachment\": \"N\"\n\t\t\t\t\t\t\t\t},\n\t\t\t\t\t\t\t\t\"smsChannel\": {\n\t\t\t\t\t\t\t\t\t\"isChecked\": \"N\",\n\t\t\t\t\t\t\t\t\t\"phoneNumber\": \"15109901639\"\n\t\t\t\t\t\t\t\t},\n\t\t\t\t\t\t\t\t\"messageCenterChannel\": {\n\t\t\t\t\t\t\t\t\t\"isChecked\": \"Y\"\n\t\t\t\t\t\t\t\t}\n\t\t\t\t\t\t\t},\n\t\t\t\t\t\t\t\"subscriptionBusinessOptions\": {\n\t\t\t\t\t\t\t\t\"accountList\": [\n\t\t\t\t\t\t\t\t\t{\n\t\t\t\t\t\t\t\t\t\t\"accountName\": null,\n\t\t\t\t\t\t\t\t\t\t\"accountNum\": \"1011111111\",\n\t\t\t\t\t\t\t\t\t\t\"bankNum\": \"043000096\"\n\t\t\t\t\t\t\t\t\t}\n\t\t\t\t\t\t\t\t],\n\t\t\t\t\t\t\t\t\"reportTypeList\": []\n\t\t\t\t\t\t\t},\n\t\t\t\t\t\t\t\"subscriptionOtherOptions\": {\n\t\t\t\t\t\t\t\t\"optionDetails\": []\n\t\t\t\t\t\t\t},\n\t\t\t\t\t\t\t\"numericConditions\": [],\n\t\t\t\t\t\t\t\"nonNumericConditions\": [\n\t\t\t\t\t\t\t\t{\n\t\t\t\t\t\t\t\t\t\"businessKeyName\": \"templateStatus\",\n\t\t\t\t\t\t\t\t\t\"nonNumericCondition\": \"NE\",\n\t\t\t\t\t\t\t\t\t\"nonNumericValue\": \"Null\"\n\t\t\t\t\t\t\t\t}\n\t\t\t\t\t\t\t],\n\t\t\t\t\t\t\t\"deliveryFrequencyDetails\": {\n\t\t\t\t\t\t\t\t\"isSendAsAvailable\": \"Y\",\n\t\t\t\t\t\t\t\t\"atWhen\": null,\n\t\t\t\t\t\t\t\t\"everyNHours\": null,\n\t\t\t\t\t\t\t\t\"reminder\": null\n\t\t\t\t\t\t\t},\n\t\t\t\t\t\t\t\"createdBy\": \"admin1\",\n\t\t\t\t\t\t\t\"createdDT\": \"2019-10-11T15:55:25.643-04:00\",\n\t\t\t\t\t\t\t\"modifiedBy\": \"admin1\",\n\t\t\t\t\t\t\t\"modifiedDT\": \"2019-10-11T15:55:25.643-04:00\"\n\t\t\t\t\t\t},\n\t\t\t\t\t\t{\n\t\t\t\t\t\t\t\"subscriptionName\": \"Payment Pending Approval\",\n\t\t\t\t\t\t\t\"channelPreferences\": {\n\t\t\t\t\t\t\t\t\"primaryEmailChannel\": {\n\t\t\t\t\t\t\t\t\t\"isChecked\": \"N\",\n\t\t\t\t\t\t\t\t\t\"primaryEmail\": \"manikandan.balachandran@pnc.com\",\n\t\t\t\t\t\t\t\t\t\"hasAttachment\": \"N\"\n\t\t\t\t\t\t\t\t},\n\t\t\t\t\t\t\t\t\"smsChannel\": {\n\t\t\t\t\t\t\t\t\t\"isChecked\": \"N\",\n\t\t\t\t\t\t\t\t\t\"phoneNumber\": \"15109901639\"\n\t\t\t\t\t\t\t\t},\n\t\t\t\t\t\t\t\t\"messageCenterChannel\": {\n\t\t\t\t\t\t\t\t\t\"isChecked\": \"Y\"\n\t\t\t\t\t\t\t\t}\n\t\t\t\t\t\t\t},\n\t\t\t\t\t\t\t\"subscriptionBusinessOptions\": {\n\t\t\t\t\t\t\t\t\"accountList\": [\n\t\t\t\t\t\t\t\t\t{\n\t\t\t\t\t\t\t\t\t\t\"accountName\": null,\n\t\t\t\t\t\t\t\t\t\t\"accountNum\": \"529\",\n\t\t\t\t\t\t\t\t\t\t\"bankNum\": \"043000096\"\n\t\t\t\t\t\t\t\t\t}\n\t\t\t\t\t\t\t\t],\n\t\t\t\t\t\t\t\t\"reportTypeList\": []\n\t\t\t\t\t\t\t},\n\t\t\t\t\t\t\t\"subscriptionOtherOptions\": {\n\t\t\t\t\t\t\t\t\"optionDetails\": []\n\t\t\t\t\t\t\t},\n\t\t\t\t\t\t\t\"numericConditions\": [],\n\t\t\t\t\t\t\t\"nonNumericConditions\": [\n\t\t\t\t\t\t\t\t{\n\t\t\t\t\t\t\t\t\t\"businessKeyName\": \"templateStatus\",\n\t\t\t\t\t\t\t\t\t\"nonNumericCondition\": \"NE\",\n\t\t\t\t\t\t\t\t\t\"nonNumericValue\": \"Null\"\n\t\t\t\t\t\t\t\t}\n\t\t\t\t\t\t\t],\n\t\t\t\t\t\t\t\"deliveryFrequencyDetails\": {\n\t\t\t\t\t\t\t\t\"isSendAsAvailable\": \"Y\",\n\t\t\t\t\t\t\t\t\"atWhen\": null,\n\t\t\t\t\t\t\t\t\"everyNHours\": null,\n\t\t\t\t\t\t\t\t\"reminder\": null\n\t\t\t\t\t\t\t},\n\t\t\t\t\t\t\t\"createdBy\": \"admin1\",\n\t\t\t\t\t\t\t\"createdDT\": \"2019-10-11T15:55:25.643-04:00\",\n\t\t\t\t\t\t\t\"modifiedBy\": \"admin1\",\n\t\t\t\t\t\t\t\"modifiedDT\": \"2019-10-11T15:55:25.643-04:00\"\n\t\t\t\t\t\t},\n\t\t\t\t\t\t{\n\t\t\t\t\t\t\t\"subscriptionName\": \"Payment Pending Approval\",\n\t\t\t\t\t\t\t\"channelPreferences\": {\n\t\t\t\t\t\t\t\t\"primaryEmailChannel\": {\n\t\t\t\t\t\t\t\t\t\"isChecked\": \"N\",\n\t\t\t\t\t\t\t\t\t\"primaryEmail\": \"manikandan.balachandran@pnc.com\",\n\t\t\t\t\t\t\t\t\t\"hasAttachment\": \"N\"\n\t\t\t\t\t\t\t\t},\n\t\t\t\t\t\t\t\t\"smsChannel\": {\n\t\t\t\t\t\t\t\t\t\"isChecked\": \"N\",\n\t\t\t\t\t\t\t\t\t\"phoneNumber\": \"15109901639\"\n\t\t\t\t\t\t\t\t},\n\t\t\t\t\t\t\t\t\"messageCenterChannel\": {\n\t\t\t\t\t\t\t\t\t\"isChecked\": \"Y\"\n\t\t\t\t\t\t\t\t}\n\t\t\t\t\t\t\t},\n\t\t\t\t\t\t\t\"subscriptionBusinessOptions\": {\n\t\t\t\t\t\t\t\t\"accountList\": [\n\t\t\t\t\t\t\t\t\t{\n\t\t\t\t\t\t\t\t\t\t\"accountName\": null,\n\t\t\t\t\t\t\t\t\t\t\"accountNum\": \"925\",\n\t\t\t\t\t\t\t\t\t\t\"bankNum\": \"043000096\"\n\t\t\t\t\t\t\t\t\t}\n\t\t\t\t\t\t\t\t],\n\t\t\t\t\t\t\t\t\"reportTypeList\": []\n\t\t\t\t\t\t\t},\n\t\t\t\t\t\t\t\"subscriptionOtherOptions\": {\n\t\t\t\t\t\t\t\t\"optionDetails\": []\n\t\t\t\t\t\t\t},\n\t\t\t\t\t\t\t\"numericConditions\": [],\n\t\t\t\t\t\t\t\"nonNumericConditions\": [\n\t\t\t\t\t\t\t\t{\n\t\t\t\t\t\t\t\t\t\"businessKeyName\": \"templateStatus\",\n\t\t\t\t\t\t\t\t\t\"nonNumericCondition\": \"NE\",\n\t\t\t\t\t\t\t\t\t\"nonNumericValue\": \"Null\"\n\t\t\t\t\t\t\t\t}\n\t\t\t\t\t\t\t],\n\t\t\t\t\t\t\t\"deliveryFrequencyDetails\": {\n\t\t\t\t\t\t\t\t\"isSendAsAvailable\": \"Y\",\n\t\t\t\t\t\t\t\t\"atWhen\": null,\n\t\t\t\t\t\t\t\t\"everyNHours\": null,\n\t\t\t\t\t\t\t\t\"reminder\": null\n\t\t\t\t\t\t\t},\n\t\t\t\t\t\t\t\"createdBy\": \"admin1\",\n\t\t\t\t\t\t\t\"createdDT\": \"2019-10-11T15:55:25.643-04:00\",\n\t\t\t\t\t\t\t\"modifiedBy\": \"admin1\",\n\t\t\t\t\t\t\t\"modifiedDT\": \"2019-10-11T15:55:25.643-04:00\"\n\t\t\t\t\t\t},\n\t\t\t\t\t\t{\n\t\t\t\t\t\t\t\"subscriptionName\": \"Payment Pending Approval\",\n\t\t\t\t\t\t\t\"channelPreferences\": {\n\t\t\t\t\t\t\t\t\"primaryEmailChannel\": {\n\t\t\t\t\t\t\t\t\t\"isChecked\": \"N\",\n\t\t\t\t\t\t\t\t\t\"primaryEmail\": \"manikandan.balachandran@pnc.com\",\n\t\t\t\t\t\t\t\t\t\"hasAttachment\": \"N\"\n\t\t\t\t\t\t\t\t},\n\t\t\t\t\t\t\t\t\"smsChannel\": {\n\t\t\t\t\t\t\t\t\t\"isChecked\": \"N\",\n\t\t\t\t\t\t\t\t\t\"phoneNumber\": \"15109901639\"\n\t\t\t\t\t\t\t\t},\n\t\t\t\t\t\t\t\t\"messageCenterChannel\": {\n\t\t\t\t\t\t\t\t\t\"isChecked\": \"Y\"\n\t\t\t\t\t\t\t\t}\n\t\t\t\t\t\t\t},\n\t\t\t\t\t\t\t\"subscriptionBusinessOptions\": {\n\t\t\t\t\t\t\t\t\"accountList\": [\n\t\t\t\t\t\t\t\t\t{\n\t\t\t\t\t\t\t\t\t\t\"accountName\": null,\n\t\t\t\t\t\t\t\t\t\t\"accountNum\": \"1001342322\",\n\t\t\t\t\t\t\t\t\t\t\"bankNum\": \"043000096\"\n\t\t\t\t\t\t\t\t\t}\n\t\t\t\t\t\t\t\t],\n\t\t\t\t\t\t\t\t\"reportTypeList\": []\n\t\t\t\t\t\t\t},\n\t\t\t\t\t\t\t\"subscriptionOtherOptions\": {\n\t\t\t\t\t\t\t\t\"optionDetails\": []\n\t\t\t\t\t\t\t},\n\t\t\t\t\t\t\t\"numericConditions\": [],\n\t\t\t\t\t\t\t\"nonNumericConditions\": [\n\t\t\t\t\t\t\t\t{\n\t\t\t\t\t\t\t\t\t\"businessKeyName\": \"templateStatus\",\n\t\t\t\t\t\t\t\t\t\"nonNumericCondition\": \"NE\",\n\t\t\t\t\t\t\t\t\t\"nonNumericValue\": \"Null\"\n\t\t\t\t\t\t\t\t}\n\t\t\t\t\t\t\t],\n\t\t\t\t\t\t\t\"deliveryFrequencyDetails\": {\n\t\t\t\t\t\t\t\t\"isSendAsAvailable\": \"Y\",\n\t\t\t\t\t\t\t\t\"atWhen\": null,\n\t\t\t\t\t\t\t\t\"everyNHours\": null,\n\t\t\t\t\t\t\t\t\"reminder\": null\n\t\t\t\t\t\t\t},\n\t\t\t\t\t\t\t\"createdBy\": \"admin1\",\n\t\t\t\t\t\t\t\"createdDT\": \"2019-10-11T15:55:25.643-04:00\",\n\t\t\t\t\t\t\t\"modifiedBy\": \"admin1\",\n\t\t\t\t\t\t\t\"modifiedDT\": \"2019-10-11T15:55:25.643-04:00\"\n\t\t\t\t\t\t},\n\t\t\t\t\t\t{\n\t\t\t\t\t\t\t\"subscriptionName\": \"Payment Pending Approval\",\n\t\t\t\t\t\t\t\"channelPreferences\": {\n\t\t\t\t\t\t\t\t\"primaryEmailChannel\": {\n\t\t\t\t\t\t\t\t\t\"isChecked\": \"N\",\n\t\t\t\t\t\t\t\t\t\"primaryEmail\": \"manikandan.balachandran@pnc.com\",\n\t\t\t\t\t\t\t\t\t\"hasAttachment\": \"N\"\n\t\t\t\t\t\t\t\t},\n\t\t\t\t\t\t\t\t\"smsChannel\": {\n\t\t\t\t\t\t\t\t\t\"isChecked\": \"N\",\n\t\t\t\t\t\t\t\t\t\"phoneNumber\": \"15109901639\"\n\t\t\t\t\t\t\t\t},\n\t\t\t\t\t\t\t\t\"messageCenterChannel\": {\n\t\t\t\t\t\t\t\t\t\"isChecked\": \"Y\"\n\t\t\t\t\t\t\t\t}\n\t\t\t\t\t\t\t},\n\t\t\t\t\t\t\t\"subscriptionBusinessOptions\": {\n\t\t\t\t\t\t\t\t\"accountList\": [\n\t\t\t\t\t\t\t\t\t{\n\t\t\t\t\t\t\t\t\t\t\"accountName\": null,\n\t\t\t\t\t\t\t\t\t\t\"accountNum\": \"1001742801\",\n\t\t\t\t\t\t\t\t\t\t\"bankNum\": \"043000096\"\n\t\t\t\t\t\t\t\t\t}\n\t\t\t\t\t\t\t\t],\n\t\t\t\t\t\t\t\t\"reportTypeList\": []\n\t\t\t\t\t\t\t},\n\t\t\t\t\t\t\t\"subscriptionOtherOptions\": {\n\t\t\t\t\t\t\t\t\"optionDetails\": []\n\t\t\t\t\t\t\t},\n\t\t\t\t\t\t\t\"numericConditions\": [],\n\t\t\t\t\t\t\t\"nonNumericConditions\": [\n\t\t\t\t\t\t\t\t{\n\t\t\t\t\t\t\t\t\t\"businessKeyName\": \"templateStatus\",\n\t\t\t\t\t\t\t\t\t\"nonNumericCondition\": \"NE\",\n\t\t\t\t\t\t\t\t\t\"nonNumericValue\": \"Null\"\n\t\t\t\t\t\t\t\t}\n\t\t\t\t\t\t\t],\n\t\t\t\t\t\t\t\"deliveryFrequencyDetails\": {\n\t\t\t\t\t\t\t\t\"isSendAsAvailable\": \"Y\",\n\t\t\t\t\t\t\t\t\"atWhen\": null,\n\t\t\t\t\t\t\t\t\"everyNHours\": null,\n\t\t\t\t\t\t\t\t\"reminder\": null\n\t\t\t\t\t\t\t},\n\t\t\t\t\t\t\t\"createdBy\": \"admin1\",\n\t\t\t\t\t\t\t\"createdDT\": \"2019-10-11T15:55:25.644-04:00\",\n\t\t\t\t\t\t\t\"modifiedBy\": \"admin1\",\n\t\t\t\t\t\t\t\"modifiedDT\": \"2019-10-11T15:55:25.644-04:00\"\n\t\t\t\t\t\t}\n\t\t\t\t\t]\n\t\t\t\t}\n\t\t\t]\n\t\t},\n\t\t{\n\t\t\t\"serviceNum\": \"799\",\n\t\t\t\"subscriptionTypeDetails\": [\n\t\t\t\t{\n\t\t\t\t\t\"subscriptionTypeDisplayTag\": \"Template Rejected for Repair\",\n\t\t\t\t\t\"eventType\": \"EventCXTmplRejectedForRepair\",\n\t\t\t\t\t\"alertType\": \"AlertCXTmplRejectedForRepair\",\n\t\t\t\t\t\"subscriptionList\": [\n\t\t\t\t\t\t{\n\t\t\t\t\t\t\t\"subscriptionName\": \"Template Rejected for Repair\",\n\t\t\t\t\t\t\t\"channelPreferences\": {\n\t\t\t\t\t\t\t\t\"primaryEmailChannel\": {\n\t\t\t\t\t\t\t\t\t\"isChecked\": \"N\",\n\t\t\t\t\t\t\t\t\t\"primaryEmail\": \"manikandan.balachandran@pnc.com\",\n\t\t\t\t\t\t\t\t\t\"hasAttachment\": \"N\"\n\t\t\t\t\t\t\t\t},\n\t\t\t\t\t\t\t\t\"smsChannel\": {\n\t\t\t\t\t\t\t\t\t\"isChecked\": \"N\",\n\t\t\t\t\t\t\t\t\t\"phoneNumber\": \"15109901639\"\n\t\t\t\t\t\t\t\t},\n\t\t\t\t\t\t\t\t\"messageCenterChannel\": {\n\t\t\t\t\t\t\t\t\t\"isChecked\": \"Y\"\n\t\t\t\t\t\t\t\t}\n\t\t\t\t\t\t\t},\n\t\t\t\t\t\t\t\"subscriptionBusinessOptions\": {\n\t\t\t\t\t\t\t\t\"accountList\": [\n\t\t\t\t\t\t\t\t\t{\n\t\t\t\t\t\t\t\t\t\t\"accountName\": \"Charlie\",\n\t\t\t\t\t\t\t\t\t\t\"accountNum\": \"1000838\",\n\t\t\t\t\t\t\t\t\t\t\"bankNum\": \"043000096\"\n\t\t\t\t\t\t\t\t\t},\n\t\t\t\t\t\t\t\t\t{\n\t\t\t\t\t\t\t\t\t\t\"accountName\": null,\n\t\t\t\t\t\t\t\t\t\t\"accountNum\": \"1001146364\",\n\t\t\t\t\t\t\t\t\t\t\"bankNum\": \"043000096\"\n\t\t\t\t\t\t\t\t\t},\n\t\t\t\t\t\t\t\t\t{\n\t\t\t\t\t\t\t\t\t\t\"accountName\": null,\n\t\t\t\t\t\t\t\t\t\t\"accountNum\": \"1011111111\",\n\t\t\t\t\t\t\t\t\t\t\"bankNum\": \"043000096\"\n\t\t\t\t\t\t\t\t\t},\n\t\t\t\t\t\t\t\t\t{\n\t\t\t\t\t\t\t\t\t\t\"accountName\": null,\n\t\t\t\t\t\t\t\t\t\t\"accountNum\": \"529\",\n\t\t\t\t\t\t\t\t\t\t\"bankNum\": \"043000096\"\n\t\t\t\t\t\t\t\t\t},\n\t\t\t\t\t\t\t\t\t{\n\t\t\t\t\t\t\t\t\t\t\"accountName\": null,\n\t\t\t\t\t\t\t\t\t\t\"accountNum\": \"925\",\n\t\t\t\t\t\t\t\t\t\t\"bankNum\": \"043000096\"\n\t\t\t\t\t\t\t\t\t},\n\t\t\t\t\t\t\t\t\t{\n\t\t\t\t\t\t\t\t\t\t\"accountName\": null,\n\t\t\t\t\t\t\t\t\t\t\"accountNum\": \"1001342322\",\n\t\t\t\t\t\t\t\t\t\t\"bankNum\": \"043000096\"\n\t\t\t\t\t\t\t\t\t},\n\t\t\t\t\t\t\t\t\t{\n\t\t\t\t\t\t\t\t\t\t\"accountName\": null,\n\t\t\t\t\t\t\t\t\t\t\"accountNum\": \"1001742801\",\n\t\t\t\t\t\t\t\t\t\t\"bankNum\": \"043000096\"\n\t\t\t\t\t\t\t\t\t}\n\t\t\t\t\t\t\t\t],\n\t\t\t\t\t\t\t\t\"reportTypeList\": []\n\t\t\t\t\t\t\t},\n\t\t\t\t\t\t\t\"subscriptionOtherOptions\": {\n\t\t\t\t\t\t\t\t\"optionDetails\": []\n\t\t\t\t\t\t\t},\n\t\t\t\t\t\t\t\"numericConditions\": [],\n\t\t\t\t\t\t\t\"nonNumericConditions\": [\n\t\t\t\t\t\t\t\t{\n\t\t\t\t\t\t\t\t\t\"businessKeyName\": \"templateStatus\",\n\t\t\t\t\t\t\t\t\t\"nonNumericCondition\": \"NE\",\n\t\t\t\t\t\t\t\t\t\"nonNumericValue\": \"Null\"\n\t\t\t\t\t\t\t\t}\n\t\t\t\t\t\t\t],\n\t\t\t\t\t\t\t\"deliveryFrequencyDetails\": {\n\t\t\t\t\t\t\t\t\"isSendAsAvailable\": \"Y\",\n\t\t\t\t\t\t\t\t\"atWhen\": null,\n\t\t\t\t\t\t\t\t\"everyNHours\": null,\n\t\t\t\t\t\t\t\t\"reminder\": null\n\t\t\t\t\t\t\t},\n\t\t\t\t\t\t\t\"createdBy\": \"admin1\",\n\t\t\t\t\t\t\t\"createdDT\": \"2019-10-11T15:55:25.644-04:00\",\n\t\t\t\t\t\t\t\"modifiedBy\": \"admin1\",\n\t\t\t\t\t\t\t\"modifiedDT\": \"2019-10-11T15:55:25.644-04:00\"\n\t\t\t\t\t\t}\n\t\t\t\t\t]\n\t\t\t\t}\n\t\t\t]\n\t\t}\n\t]\n}"
				},
				"url": {
					"raw": "{{url}}/en/v1/subscriptions/799",
					"host": [
						"{{url}}"
					],
					"path": [
						"en",
						"v1",
						"subscriptions",
						"799"
					]
				}
			},
			"response": []
		},
		{
			"name": "Tiles View Copy Copy",
			"protocolProfileBehavior": {
				"disableBodyPruning": true
			},
			"request": {
				"method": "GET",
				"header": [
					{
						"key": "Authorization",
						"value": "{{BasicAuthorization}}",
						"type": "text"
					},
					{
						"key": "EN-AuthKey",
						"value": "{{EN-AuthKey}}",
						"type": "text"
					},
					{
						"key": "Content-Type",
						"value": "application/json",
						"type": "text"
					},
					{
						"key": "x-sourceSystem",
						"value": "PWX",
						"type": "text"
					},
					{
						"key": "x-clientRefId",
						"value": "{$guid}}",
						"type": "text"
					},
					{
						"key": "x-clientGroup",
						"value": "billpay6",
						"type": "text"
					},
					{
						"key": "x-clientUserKey",
						"value": "admin1",
						"type": "text"
					},
					{
						"key": "x-brand",
						"value": "CommExp",
						"type": "text"
					}
				],
				"body": {
					"mode": "raw",
					"raw": "{\n\t\"sourceSystem\": \"PWX\",\n\t\"clientRefId\": \"25a6128b-6edd-48a8-b7de-4a8d15b88dba\",\n\t\"clientGroup\": \"billpay6\",\n\t\"clientUserKey\": \"admin1\",\n\t\"brand\": \"CommExp\",\n\t\"serviceNumDetails\": [\n\t\t{\n\t\t\t\"serviceNum\": \"799\",\n\t\t\t\"subscriptionTypeDetails\": [\n\t\t\t\t{\n\t\t\t\t\t\"subscriptionTypeDisplayTag\": \"Future-Dated Payment Approaching Release\",\n\t\t\t\t\t\"eventType\": \"EventCXFutureDatedPaymentApproaching\",\n\t\t\t\t\t\"alertType\": \"AlertCXFutureDatedPaymentApproaching\",\n\t\t\t\t\t\"subscriptionList\": [\n\t\t\t\t\t\t{\n\t\t\t\t\t\t\t\"subscriptionName\": \"Future-Dated Payment Approaching Release\",\n\t\t\t\t\t\t\t\"channelPreferences\": {\n\t\t\t\t\t\t\t\t\"primaryEmailChannel\": {\n\t\t\t\t\t\t\t\t\t\"isChecked\": \"N\",\n\t\t\t\t\t\t\t\t\t\"primaryEmail\": \"manikandan.balachandran@pnc.com\",\n\t\t\t\t\t\t\t\t\t\"hasAttachment\": \"N\"\n\t\t\t\t\t\t\t\t},\n\t\t\t\t\t\t\t\t\"smsChannel\": {\n\t\t\t\t\t\t\t\t\t\"isChecked\": \"N\",\n\t\t\t\t\t\t\t\t\t\"phoneNumber\": \"15109901639\"\n\t\t\t\t\t\t\t\t},\n\t\t\t\t\t\t\t\t\"messageCenterChannel\": {\n\t\t\t\t\t\t\t\t\t\"isChecked\": \"Y\"\n\t\t\t\t\t\t\t\t}\n\t\t\t\t\t\t\t},\n\t\t\t\t\t\t\t\"subscriptionBusinessOptions\": {\n\t\t\t\t\t\t\t\t\"accountList\": [\n\t\t\t\t\t\t\t\t\t{\n\t\t\t\t\t\t\t\t\t\t\"accountName\": \"Charlie\",\n\t\t\t\t\t\t\t\t\t\t\"accountNum\": \"1000838\",\n\t\t\t\t\t\t\t\t\t\t\"bankNum\": \"043000096\"\n\t\t\t\t\t\t\t\t\t},\n\t\t\t\t\t\t\t\t\t{\n\t\t\t\t\t\t\t\t\t\t\"accountName\": null,\n\t\t\t\t\t\t\t\t\t\t\"accountNum\": \"1001146364\",\n\t\t\t\t\t\t\t\t\t\t\"bankNum\": \"043000096\"\n\t\t\t\t\t\t\t\t\t},\n\t\t\t\t\t\t\t\t\t{\n\t\t\t\t\t\t\t\t\t\t\"accountName\": null,\n\t\t\t\t\t\t\t\t\t\t\"accountNum\": \"1011111111\",\n\t\t\t\t\t\t\t\t\t\t\"bankNum\": \"043000096\"\n\t\t\t\t\t\t\t\t\t},\n\t\t\t\t\t\t\t\t\t{\n\t\t\t\t\t\t\t\t\t\t\"accountName\": null,\n\t\t\t\t\t\t\t\t\t\t\"accountNum\": \"529\",\n\t\t\t\t\t\t\t\t\t\t\"bankNum\": \"043000096\"\n\t\t\t\t\t\t\t\t\t},\n\t\t\t\t\t\t\t\t\t{\n\t\t\t\t\t\t\t\t\t\t\"accountName\": null,\n\t\t\t\t\t\t\t\t\t\t\"accountNum\": \"925\",\n\t\t\t\t\t\t\t\t\t\t\"bankNum\": \"043000096\"\n\t\t\t\t\t\t\t\t\t},\n\t\t\t\t\t\t\t\t\t{\n\t\t\t\t\t\t\t\t\t\t\"accountName\": null,\n\t\t\t\t\t\t\t\t\t\t\"accountNum\": \"1001342322\",\n\t\t\t\t\t\t\t\t\t\t\"bankNum\": \"043000096\"\n\t\t\t\t\t\t\t\t\t},\n\t\t\t\t\t\t\t\t\t{\n\t\t\t\t\t\t\t\t\t\t\"accountName\": null,\n\t\t\t\t\t\t\t\t\t\t\"accountNum\": \"1001742801\",\n\t\t\t\t\t\t\t\t\t\t\"bankNum\": \"043000096\"\n\t\t\t\t\t\t\t\t\t}\n\t\t\t\t\t\t\t\t],\n\t\t\t\t\t\t\t\t\"reportTypeList\": []\n\t\t\t\t\t\t\t},\n\t\t\t\t\t\t\t\"subscriptionOtherOptions\": {\n\t\t\t\t\t\t\t\t\"optionDetails\": []\n\t\t\t\t\t\t\t},\n\t\t\t\t\t\t\t\"numericConditions\": [],\n\t\t\t\t\t\t\t\"nonNumericConditions\": [\n\t\t\t\t\t\t\t\t{\n\t\t\t\t\t\t\t\t\t\"businessKeyName\": \"wireStatus\",\n\t\t\t\t\t\t\t\t\t\"nonNumericCondition\": \"NE\",\n\t\t\t\t\t\t\t\t\t\"nonNumericValue\": \"Null\"\n\t\t\t\t\t\t\t\t}\n\t\t\t\t\t\t\t],\n\t\t\t\t\t\t\t\"deliveryFrequencyDetails\": {\n\t\t\t\t\t\t\t\t\"isSendAsAvailable\": \"Y\",\n\t\t\t\t\t\t\t\t\"atWhen\": null,\n\t\t\t\t\t\t\t\t\"everyNHours\": null,\n\t\t\t\t\t\t\t\t\"reminder\": null\n\t\t\t\t\t\t\t},\n\t\t\t\t\t\t\t\"createdBy\": \"admin1\",\n\t\t\t\t\t\t\t\"createdDT\": \"2019-10-11T15:55:25.636-04:00\",\n\t\t\t\t\t\t\t\"modifiedBy\": \"admin1\",\n\t\t\t\t\t\t\t\"modifiedDT\": \"2019-10-11T15:55:25.636-04:00\"\n\t\t\t\t\t\t}\n\t\t\t\t\t]\n\t\t\t\t}\n\t\t\t]\n\t\t},\n\t\t{\n\t\t\t\"serviceNum\": \"799\",\n\t\t\t\"subscriptionTypeDetails\": [\n\t\t\t\t{\n\t\t\t\t\t\"subscriptionTypeDisplayTag\": \"Payment Pending Approval\",\n\t\t\t\t\t\"eventType\": \"EventCXTransferTrxnStateChange\",\n\t\t\t\t\t\"alertType\": \"AlertCXTransferTrxnPendingAppr\",\n\t\t\t\t\t\"subscriptionList\": [\n\t\t\t\t\t\t{\n\t\t\t\t\t\t\t\"subscriptionName\": \"Payment Pending Approval\",\n\t\t\t\t\t\t\t\"channelPreferences\": {\n\t\t\t\t\t\t\t\t\"primaryEmailChannel\": {\n\t\t\t\t\t\t\t\t\t\"isChecked\": \"N\",\n\t\t\t\t\t\t\t\t\t\"primaryEmail\": \"manikandan.balachandran@pnc.com\",\n\t\t\t\t\t\t\t\t\t\"hasAttachment\": \"N\"\n\t\t\t\t\t\t\t\t},\n\t\t\t\t\t\t\t\t\"smsChannel\": {\n\t\t\t\t\t\t\t\t\t\"isChecked\": \"N\",\n\t\t\t\t\t\t\t\t\t\"phoneNumber\": \"15109901639\"\n\t\t\t\t\t\t\t\t},\n\t\t\t\t\t\t\t\t\"messageCenterChannel\": {\n\t\t\t\t\t\t\t\t\t\"isChecked\": \"Y\"\n\t\t\t\t\t\t\t\t}\n\t\t\t\t\t\t\t},\n\t\t\t\t\t\t\t\"subscriptionBusinessOptions\": {\n\t\t\t\t\t\t\t\t\"accountList\": [\n\t\t\t\t\t\t\t\t\t{\n\t\t\t\t\t\t\t\t\t\t\"accountName\": \"Charlie\",\n\t\t\t\t\t\t\t\t\t\t\"accountNum\": \"1000838\",\n\t\t\t\t\t\t\t\t\t\t\"bankNum\": \"043000096\"\n\t\t\t\t\t\t\t\t\t}\n\t\t\t\t\t\t\t\t],\n\t\t\t\t\t\t\t\t\"reportTypeList\": []\n\t\t\t\t\t\t\t},\n\t\t\t\t\t\t\t\"subscriptionOtherOptions\": {\n\t\t\t\t\t\t\t\t\"optionDetails\": [\n\t\t\t\t\t\t\t\t\t{\n\t\t\t\t\t\t\t\t\t\t\"optionKey\": \"freeformWireLimitAmount\",\n\t\t\t\t\t\t\t\t\t\t\"optionValue\": [\n\t\t\t\t\t\t\t\t\t\t\t\"100000.0\"\n\t\t\t\t\t\t\t\t\t\t]\n\t\t\t\t\t\t\t\t\t}\n\t\t\t\t\t\t\t\t]\n\t\t\t\t\t\t\t},\n\t\t\t\t\t\t\t\"numericConditions\": [],\n\t\t\t\t\t\t\t\"nonNumericConditions\": [\n\t\t\t\t\t\t\t\t{\n\t\t\t\t\t\t\t\t\t\"businessKeyName\": \"transactionStatus\",\n\t\t\t\t\t\t\t\t\t\"nonNumericCondition\": \"NE\",\n\t\t\t\t\t\t\t\t\t\"nonNumericValue\": \"Null\"\n\t\t\t\t\t\t\t\t}\n\t\t\t\t\t\t\t],\n\t\t\t\t\t\t\t\"deliveryFrequencyDetails\": {\n\t\t\t\t\t\t\t\t\"isSendAsAvailable\": \"Y\",\n\t\t\t\t\t\t\t\t\"atWhen\": null,\n\t\t\t\t\t\t\t\t\"everyNHours\": null,\n\t\t\t\t\t\t\t\t\"reminder\": null\n\t\t\t\t\t\t\t},\n\t\t\t\t\t\t\t\"createdBy\": \"admin1\",\n\t\t\t\t\t\t\t\"createdDT\": \"2019-10-11T15:55:25.642-04:00\",\n\t\t\t\t\t\t\t\"modifiedBy\": \"admin1\",\n\t\t\t\t\t\t\t\"modifiedDT\": \"2019-10-11T15:55:25.642-04:00\"\n\t\t\t\t\t\t},\n\t\t\t\t\t\t{\n\t\t\t\t\t\t\t\"subscriptionName\": \"Payment Pending Approval\",\n\t\t\t\t\t\t\t\"channelPreferences\": {\n\t\t\t\t\t\t\t\t\"primaryEmailChannel\": {\n\t\t\t\t\t\t\t\t\t\"isChecked\": \"N\",\n\t\t\t\t\t\t\t\t\t\"primaryEmail\": \"manikandan.balachandran@pnc.com\",\n\t\t\t\t\t\t\t\t\t\"hasAttachment\": \"N\"\n\t\t\t\t\t\t\t\t},\n\t\t\t\t\t\t\t\t\"smsChannel\": {\n\t\t\t\t\t\t\t\t\t\"isChecked\": \"N\",\n\t\t\t\t\t\t\t\t\t\"phoneNumber\": \"15109901639\"\n\t\t\t\t\t\t\t\t},\n\t\t\t\t\t\t\t\t\"messageCenterChannel\": {\n\t\t\t\t\t\t\t\t\t\"isChecked\": \"Y\"\n\t\t\t\t\t\t\t\t}\n\t\t\t\t\t\t\t},\n\t\t\t\t\t\t\t\"subscriptionBusinessOptions\": {\n\t\t\t\t\t\t\t\t\"accountList\": [\n\t\t\t\t\t\t\t\t\t{\n\t\t\t\t\t\t\t\t\t\t\"accountName\": null,\n\t\t\t\t\t\t\t\t\t\t\"accountNum\": \"1001146364\",\n\t\t\t\t\t\t\t\t\t\t\"bankNum\": \"043000096\"\n\t\t\t\t\t\t\t\t\t}\n\t\t\t\t\t\t\t\t],\n\t\t\t\t\t\t\t\t\"reportTypeList\": []\n\t\t\t\t\t\t\t},\n\t\t\t\t\t\t\t\"subscriptionOtherOptions\": {\n\t\t\t\t\t\t\t\t\"optionDetails\": [\n\t\t\t\t\t\t\t\t\t{\n\t\t\t\t\t\t\t\t\t\t\"optionKey\": \"freeformWireLimitAmount\",\n\t\t\t\t\t\t\t\t\t\t\"optionValue\": [\n\t\t\t\t\t\t\t\t\t\t\t\"100000.0\"\n\t\t\t\t\t\t\t\t\t\t]\n\t\t\t\t\t\t\t\t\t}\n\t\t\t\t\t\t\t\t]\n\t\t\t\t\t\t\t},\n\t\t\t\t\t\t\t\"numericConditions\": [],\n\t\t\t\t\t\t\t\"nonNumericConditions\": [\n\t\t\t\t\t\t\t\t{\n\t\t\t\t\t\t\t\t\t\"businessKeyName\": \"transactionStatus\",\n\t\t\t\t\t\t\t\t\t\"nonNumericCondition\": \"NE\",\n\t\t\t\t\t\t\t\t\t\"nonNumericValue\": \"Null\"\n\t\t\t\t\t\t\t\t}\n\t\t\t\t\t\t\t],\n\t\t\t\t\t\t\t\"deliveryFrequencyDetails\": {\n\t\t\t\t\t\t\t\t\"isSendAsAvailable\": \"Y\",\n\t\t\t\t\t\t\t\t\"atWhen\": null,\n\t\t\t\t\t\t\t\t\"everyNHours\": null,\n\t\t\t\t\t\t\t\t\"reminder\": null\n\t\t\t\t\t\t\t},\n\t\t\t\t\t\t\t\"createdBy\": \"admin1\",\n\t\t\t\t\t\t\t\"createdDT\": \"2019-10-11T15:55:25.642-04:00\",\n\t\t\t\t\t\t\t\"modifiedBy\": \"admin1\",\n\t\t\t\t\t\t\t\"modifiedDT\": \"2019-10-11T15:55:25.642-04:00\"\n\t\t\t\t\t\t},\n\t\t\t\t\t\t{\n\t\t\t\t\t\t\t\"subscriptionName\": \"Payment Pending Approval\",\n\t\t\t\t\t\t\t\"channelPreferences\": {\n\t\t\t\t\t\t\t\t\"primaryEmailChannel\": {\n\t\t\t\t\t\t\t\t\t\"isChecked\": \"N\",\n\t\t\t\t\t\t\t\t\t\"primaryEmail\": \"manikandan.balachandran@pnc.com\",\n\t\t\t\t\t\t\t\t\t\"hasAttachment\": \"N\"\n\t\t\t\t\t\t\t\t},\n\t\t\t\t\t\t\t\t\"smsChannel\": {\n\t\t\t\t\t\t\t\t\t\"isChecked\": \"N\",\n\t\t\t\t\t\t\t\t\t\"phoneNumber\": \"15109901639\"\n\t\t\t\t\t\t\t\t},\n\t\t\t\t\t\t\t\t\"messageCenterChannel\": {\n\t\t\t\t\t\t\t\t\t\"isChecked\": \"Y\"\n\t\t\t\t\t\t\t\t}\n\t\t\t\t\t\t\t},\n\t\t\t\t\t\t\t\"subscriptionBusinessOptions\": {\n\t\t\t\t\t\t\t\t\"accountList\": [\n\t\t\t\t\t\t\t\t\t{\n\t\t\t\t\t\t\t\t\t\t\"accountName\": null,\n\t\t\t\t\t\t\t\t\t\t\"accountNum\": \"1011111111\",\n\t\t\t\t\t\t\t\t\t\t\"bankNum\": \"043000096\"\n\t\t\t\t\t\t\t\t\t}\n\t\t\t\t\t\t\t\t],\n\t\t\t\t\t\t\t\t\"reportTypeList\": []\n\t\t\t\t\t\t\t},\n\t\t\t\t\t\t\t\"subscriptionOtherOptions\": {\n\t\t\t\t\t\t\t\t\"optionDetails\": [\n\t\t\t\t\t\t\t\t\t{\n\t\t\t\t\t\t\t\t\t\t\"optionKey\": \"freeformWireLimitAmount\",\n\t\t\t\t\t\t\t\t\t\t\"optionValue\": [\n\t\t\t\t\t\t\t\t\t\t\t\"100000.0\"\n\t\t\t\t\t\t\t\t\t\t]\n\t\t\t\t\t\t\t\t\t}\n\t\t\t\t\t\t\t\t]\n\t\t\t\t\t\t\t},\n\t\t\t\t\t\t\t\"numericConditions\": [],\n\t\t\t\t\t\t\t\"nonNumericConditions\": [\n\t\t\t\t\t\t\t\t{\n\t\t\t\t\t\t\t\t\t\"businessKeyName\": \"transactionStatus\",\n\t\t\t\t\t\t\t\t\t\"nonNumericCondition\": \"NE\",\n\t\t\t\t\t\t\t\t\t\"nonNumericValue\": \"Null\"\n\t\t\t\t\t\t\t\t}\n\t\t\t\t\t\t\t],\n\t\t\t\t\t\t\t\"deliveryFrequencyDetails\": {\n\t\t\t\t\t\t\t\t\"isSendAsAvailable\": \"Y\",\n\t\t\t\t\t\t\t\t\"atWhen\": null,\n\t\t\t\t\t\t\t\t\"everyNHours\": null,\n\t\t\t\t\t\t\t\t\"reminder\": null\n\t\t\t\t\t\t\t},\n\t\t\t\t\t\t\t\"createdBy\": \"admin1\",\n\t\t\t\t\t\t\t\"createdDT\": \"2019-10-11T15:55:25.642-04:00\",\n\t\t\t\t\t\t\t\"modifiedBy\": \"admin1\",\n\t\t\t\t\t\t\t\"modifiedDT\": \"2019-10-11T15:55:25.642-04:00\"\n\t\t\t\t\t\t},\n\t\t\t\t\t\t{\n\t\t\t\t\t\t\t\"subscriptionName\": \"Payment Pending Approval\",\n\t\t\t\t\t\t\t\"channelPreferences\": {\n\t\t\t\t\t\t\t\t\"primaryEmailChannel\": {\n\t\t\t\t\t\t\t\t\t\"isChecked\": \"N\",\n\t\t\t\t\t\t\t\t\t\"primaryEmail\": \"manikandan.balachandran@pnc.com\",\n\t\t\t\t\t\t\t\t\t\"hasAttachment\": \"N\"\n\t\t\t\t\t\t\t\t},\n\t\t\t\t\t\t\t\t\"smsChannel\": {\n\t\t\t\t\t\t\t\t\t\"isChecked\": \"N\",\n\t\t\t\t\t\t\t\t\t\"phoneNumber\": \"15109901639\"\n\t\t\t\t\t\t\t\t},\n\t\t\t\t\t\t\t\t\"messageCenterChannel\": {\n\t\t\t\t\t\t\t\t\t\"isChecked\": \"Y\"\n\t\t\t\t\t\t\t\t}\n\t\t\t\t\t\t\t},\n\t\t\t\t\t\t\t\"subscriptionBusinessOptions\": {\n\t\t\t\t\t\t\t\t\"accountList\": [\n\t\t\t\t\t\t\t\t\t{\n\t\t\t\t\t\t\t\t\t\t\"accountName\": null,\n\t\t\t\t\t\t\t\t\t\t\"accountNum\": \"529\",\n\t\t\t\t\t\t\t\t\t\t\"bankNum\": \"043000096\"\n\t\t\t\t\t\t\t\t\t}\n\t\t\t\t\t\t\t\t],\n\t\t\t\t\t\t\t\t\"reportTypeList\": []\n\t\t\t\t\t\t\t},\n\t\t\t\t\t\t\t\"subscriptionOtherOptions\": {\n\t\t\t\t\t\t\t\t\"optionDetails\": [\n\t\t\t\t\t\t\t\t\t{\n\t\t\t\t\t\t\t\t\t\t\"optionKey\": \"freeformWireLimitAmount\",\n\t\t\t\t\t\t\t\t\t\t\"optionValue\": [\n\t\t\t\t\t\t\t\t\t\t\t\"100000.0\"\n\t\t\t\t\t\t\t\t\t\t]\n\t\t\t\t\t\t\t\t\t}\n\t\t\t\t\t\t\t\t]\n\t\t\t\t\t\t\t},\n\t\t\t\t\t\t\t\"numericConditions\": [],\n\t\t\t\t\t\t\t\"nonNumericConditions\": [\n\t\t\t\t\t\t\t\t{\n\t\t\t\t\t\t\t\t\t\"businessKeyName\": \"transactionStatus\",\n\t\t\t\t\t\t\t\t\t\"nonNumericCondition\": \"NE\",\n\t\t\t\t\t\t\t\t\t\"nonNumericValue\": \"Null\"\n\t\t\t\t\t\t\t\t}\n\t\t\t\t\t\t\t],\n\t\t\t\t\t\t\t\"deliveryFrequencyDetails\": {\n\t\t\t\t\t\t\t\t\"isSendAsAvailable\": \"Y\",\n\t\t\t\t\t\t\t\t\"atWhen\": null,\n\t\t\t\t\t\t\t\t\"everyNHours\": null,\n\t\t\t\t\t\t\t\t\"reminder\": null\n\t\t\t\t\t\t\t},\n\t\t\t\t\t\t\t\"createdBy\": \"admin1\",\n\t\t\t\t\t\t\t\"createdDT\": \"2019-10-11T15:55:25.642-04:00\",\n\t\t\t\t\t\t\t\"modifiedBy\": \"admin1\",\n\t\t\t\t\t\t\t\"modifiedDT\": \"2019-10-11T15:55:25.642-04:00\"\n\t\t\t\t\t\t},\n\t\t\t\t\t\t{\n\t\t\t\t\t\t\t\"subscriptionName\": \"Payment Pending Approval\",\n\t\t\t\t\t\t\t\"channelPreferences\": {\n\t\t\t\t\t\t\t\t\"primaryEmailChannel\": {\n\t\t\t\t\t\t\t\t\t\"isChecked\": \"N\",\n\t\t\t\t\t\t\t\t\t\"primaryEmail\": \"manikandan.balachandran@pnc.com\",\n\t\t\t\t\t\t\t\t\t\"hasAttachment\": \"N\"\n\t\t\t\t\t\t\t\t},\n\t\t\t\t\t\t\t\t\"smsChannel\": {\n\t\t\t\t\t\t\t\t\t\"isChecked\": \"N\",\n\t\t\t\t\t\t\t\t\t\"phoneNumber\": \"15109901639\"\n\t\t\t\t\t\t\t\t},\n\t\t\t\t\t\t\t\t\"messageCenterChannel\": {\n\t\t\t\t\t\t\t\t\t\"isChecked\": \"Y\"\n\t\t\t\t\t\t\t\t}\n\t\t\t\t\t\t\t},\n\t\t\t\t\t\t\t\"subscriptionBusinessOptions\": {\n\t\t\t\t\t\t\t\t\"accountList\": [\n\t\t\t\t\t\t\t\t\t{\n\t\t\t\t\t\t\t\t\t\t\"accountName\": null,\n\t\t\t\t\t\t\t\t\t\t\"accountNum\": \"925\",\n\t\t\t\t\t\t\t\t\t\t\"bankNum\": \"043000096\"\n\t\t\t\t\t\t\t\t\t}\n\t\t\t\t\t\t\t\t],\n\t\t\t\t\t\t\t\t\"reportTypeList\": []\n\t\t\t\t\t\t\t},\n\t\t\t\t\t\t\t\"subscriptionOtherOptions\": {\n\t\t\t\t\t\t\t\t\"optionDetails\": [\n\t\t\t\t\t\t\t\t\t{\n\t\t\t\t\t\t\t\t\t\t\"optionKey\": \"freeformWireLimitAmount\",\n\t\t\t\t\t\t\t\t\t\t\"optionValue\": [\n\t\t\t\t\t\t\t\t\t\t\t\"100000.0\"\n\t\t\t\t\t\t\t\t\t\t]\n\t\t\t\t\t\t\t\t\t}\n\t\t\t\t\t\t\t\t]\n\t\t\t\t\t\t\t},\n\t\t\t\t\t\t\t\"numericConditions\": [],\n\t\t\t\t\t\t\t\"nonNumericConditions\": [\n\t\t\t\t\t\t\t\t{\n\t\t\t\t\t\t\t\t\t\"businessKeyName\": \"transactionStatus\",\n\t\t\t\t\t\t\t\t\t\"nonNumericCondition\": \"NE\",\n\t\t\t\t\t\t\t\t\t\"nonNumericValue\": \"Null\"\n\t\t\t\t\t\t\t\t}\n\t\t\t\t\t\t\t],\n\t\t\t\t\t\t\t\"deliveryFrequencyDetails\": {\n\t\t\t\t\t\t\t\t\"isSendAsAvailable\": \"Y\",\n\t\t\t\t\t\t\t\t\"atWhen\": null,\n\t\t\t\t\t\t\t\t\"everyNHours\": null,\n\t\t\t\t\t\t\t\t\"reminder\": null\n\t\t\t\t\t\t\t},\n\t\t\t\t\t\t\t\"createdBy\": \"admin1\",\n\t\t\t\t\t\t\t\"createdDT\": \"2019-10-11T15:55:25.642-04:00\",\n\t\t\t\t\t\t\t\"modifiedBy\": \"admin1\",\n\t\t\t\t\t\t\t\"modifiedDT\": \"2019-10-11T15:55:25.642-04:00\"\n\t\t\t\t\t\t},\n\t\t\t\t\t\t{\n\t\t\t\t\t\t\t\"subscriptionName\": \"Payment Pending Approval\",\n\t\t\t\t\t\t\t\"channelPreferences\": {\n\t\t\t\t\t\t\t\t\"primaryEmailChannel\": {\n\t\t\t\t\t\t\t\t\t\"isChecked\": \"N\",\n\t\t\t\t\t\t\t\t\t\"primaryEmail\": \"manikandan.balachandran@pnc.com\",\n\t\t\t\t\t\t\t\t\t\"hasAttachment\": \"N\"\n\t\t\t\t\t\t\t\t},\n\t\t\t\t\t\t\t\t\"smsChannel\": {\n\t\t\t\t\t\t\t\t\t\"isChecked\": \"N\",\n\t\t\t\t\t\t\t\t\t\"phoneNumber\": \"15109901639\"\n\t\t\t\t\t\t\t\t},\n\t\t\t\t\t\t\t\t\"messageCenterChannel\": {\n\t\t\t\t\t\t\t\t\t\"isChecked\": \"Y\"\n\t\t\t\t\t\t\t\t}\n\t\t\t\t\t\t\t},\n\t\t\t\t\t\t\t\"subscriptionBusinessOptions\": {\n\t\t\t\t\t\t\t\t\"accountList\": [\n\t\t\t\t\t\t\t\t\t{\n\t\t\t\t\t\t\t\t\t\t\"accountName\": null,\n\t\t\t\t\t\t\t\t\t\t\"accountNum\": \"1001342322\",\n\t\t\t\t\t\t\t\t\t\t\"bankNum\": \"043000096\"\n\t\t\t\t\t\t\t\t\t}\n\t\t\t\t\t\t\t\t],\n\t\t\t\t\t\t\t\t\"reportTypeList\": []\n\t\t\t\t\t\t\t},\n\t\t\t\t\t\t\t\"subscriptionOtherOptions\": {\n\t\t\t\t\t\t\t\t\"optionDetails\": [\n\t\t\t\t\t\t\t\t\t{\n\t\t\t\t\t\t\t\t\t\t\"optionKey\": \"freeformWireLimitAmount\",\n\t\t\t\t\t\t\t\t\t\t\"optionValue\": [\n\t\t\t\t\t\t\t\t\t\t\t\"100000.0\"\n\t\t\t\t\t\t\t\t\t\t]\n\t\t\t\t\t\t\t\t\t}\n\t\t\t\t\t\t\t\t]\n\t\t\t\t\t\t\t},\n\t\t\t\t\t\t\t\"numericConditions\": [],\n\t\t\t\t\t\t\t\"nonNumericConditions\": [\n\t\t\t\t\t\t\t\t{\n\t\t\t\t\t\t\t\t\t\"businessKeyName\": \"transactionStatus\",\n\t\t\t\t\t\t\t\t\t\"nonNumericCondition\": \"NE\",\n\t\t\t\t\t\t\t\t\t\"nonNumericValue\": \"Null\"\n\t\t\t\t\t\t\t\t}\n\t\t\t\t\t\t\t],\n\t\t\t\t\t\t\t\"deliveryFrequencyDetails\": {\n\t\t\t\t\t\t\t\t\"isSendAsAvailable\": \"Y\",\n\t\t\t\t\t\t\t\t\"atWhen\": null,\n\t\t\t\t\t\t\t\t\"everyNHours\": null,\n\t\t\t\t\t\t\t\t\"reminder\": null\n\t\t\t\t\t\t\t},\n\t\t\t\t\t\t\t\"createdBy\": \"admin1\",\n\t\t\t\t\t\t\t\"createdDT\": \"2019-10-11T15:55:25.642-04:00\",\n\t\t\t\t\t\t\t\"modifiedBy\": \"admin1\",\n\t\t\t\t\t\t\t\"modifiedDT\": \"2019-10-11T15:55:25.642-04:00\"\n\t\t\t\t\t\t},\n\t\t\t\t\t\t{\n\t\t\t\t\t\t\t\"subscriptionName\": \"Payment Pending Approval\",\n\t\t\t\t\t\t\t\"channelPreferences\": {\n\t\t\t\t\t\t\t\t\"primaryEmailChannel\": {\n\t\t\t\t\t\t\t\t\t\"isChecked\": \"N\",\n\t\t\t\t\t\t\t\t\t\"primaryEmail\": \"manikandan.balachandran@pnc.com\",\n\t\t\t\t\t\t\t\t\t\"hasAttachment\": \"N\"\n\t\t\t\t\t\t\t\t},\n\t\t\t\t\t\t\t\t\"smsChannel\": {\n\t\t\t\t\t\t\t\t\t\"isChecked\": \"N\",\n\t\t\t\t\t\t\t\t\t\"phoneNumber\": \"15109901639\"\n\t\t\t\t\t\t\t\t},\n\t\t\t\t\t\t\t\t\"messageCenterChannel\": {\n\t\t\t\t\t\t\t\t\t\"isChecked\": \"Y\"\n\t\t\t\t\t\t\t\t}\n\t\t\t\t\t\t\t},\n\t\t\t\t\t\t\t\"subscriptionBusinessOptions\": {\n\t\t\t\t\t\t\t\t\"accountList\": [\n\t\t\t\t\t\t\t\t\t{\n\t\t\t\t\t\t\t\t\t\t\"accountName\": null,\n\t\t\t\t\t\t\t\t\t\t\"accountNum\": \"1001742801\",\n\t\t\t\t\t\t\t\t\t\t\"bankNum\": \"043000096\"\n\t\t\t\t\t\t\t\t\t}\n\t\t\t\t\t\t\t\t],\n\t\t\t\t\t\t\t\t\"reportTypeList\": []\n\t\t\t\t\t\t\t},\n\t\t\t\t\t\t\t\"subscriptionOtherOptions\": {\n\t\t\t\t\t\t\t\t\"optionDetails\": [\n\t\t\t\t\t\t\t\t\t{\n\t\t\t\t\t\t\t\t\t\t\"optionKey\": \"freeformWireLimitAmount\",\n\t\t\t\t\t\t\t\t\t\t\"optionValue\": [\n\t\t\t\t\t\t\t\t\t\t\t\"100000.0\"\n\t\t\t\t\t\t\t\t\t\t]\n\t\t\t\t\t\t\t\t\t}\n\t\t\t\t\t\t\t\t]\n\t\t\t\t\t\t\t},\n\t\t\t\t\t\t\t\"numericConditions\": [],\n\t\t\t\t\t\t\t\"nonNumericConditions\": [\n\t\t\t\t\t\t\t\t{\n\t\t\t\t\t\t\t\t\t\"businessKeyName\": \"transactionStatus\",\n\t\t\t\t\t\t\t\t\t\"nonNumericCondition\": \"NE\",\n\t\t\t\t\t\t\t\t\t\"nonNumericValue\": \"Null\"\n\t\t\t\t\t\t\t\t}\n\t\t\t\t\t\t\t],\n\t\t\t\t\t\t\t\"deliveryFrequencyDetails\": {\n\t\t\t\t\t\t\t\t\"isSendAsAvailable\": \"Y\",\n\t\t\t\t\t\t\t\t\"atWhen\": null,\n\t\t\t\t\t\t\t\t\"everyNHours\": null,\n\t\t\t\t\t\t\t\t\"reminder\": null\n\t\t\t\t\t\t\t},\n\t\t\t\t\t\t\t\"createdBy\": \"admin1\",\n\t\t\t\t\t\t\t\"createdDT\": \"2019-10-11T15:55:25.642-04:00\",\n\t\t\t\t\t\t\t\"modifiedBy\": \"admin1\",\n\t\t\t\t\t\t\t\"modifiedDT\": \"2019-10-11T15:55:25.642-04:00\"\n\t\t\t\t\t\t}\n\t\t\t\t\t]\n\t\t\t\t}\n\t\t\t]\n\t\t},\n\t\t{\n\t\t\t\"serviceNum\": \"799\",\n\t\t\t\"subscriptionTypeDetails\": [\n\t\t\t\t{\n\t\t\t\t\t\"subscriptionTypeDisplayTag\": \"Payment Rejected for Repair\",\n\t\t\t\t\t\"eventType\": \"EventCXPmtRejectedForRepair\",\n\t\t\t\t\t\"alertType\": \"AlertCXPmtRejectedForRepair\",\n\t\t\t\t\t\"subscriptionList\": [\n\t\t\t\t\t\t{\n\t\t\t\t\t\t\t\"subscriptionName\": \"Payment Rejected for Repair\",\n\t\t\t\t\t\t\t\"channelPreferences\": {\n\t\t\t\t\t\t\t\t\"primaryEmailChannel\": {\n\t\t\t\t\t\t\t\t\t\"isChecked\": \"N\",\n\t\t\t\t\t\t\t\t\t\"primaryEmail\": \"manikandan.balachandran@pnc.com\",\n\t\t\t\t\t\t\t\t\t\"hasAttachment\": \"N\"\n\t\t\t\t\t\t\t\t},\n\t\t\t\t\t\t\t\t\"smsChannel\": {\n\t\t\t\t\t\t\t\t\t\"isChecked\": \"N\",\n\t\t\t\t\t\t\t\t\t\"phoneNumber\": \"15109901639\"\n\t\t\t\t\t\t\t\t},\n\t\t\t\t\t\t\t\t\"messageCenterChannel\": {\n\t\t\t\t\t\t\t\t\t\"isChecked\": \"Y\"\n\t\t\t\t\t\t\t\t}\n\t\t\t\t\t\t\t},\n\t\t\t\t\t\t\t\"subscriptionBusinessOptions\": {\n\t\t\t\t\t\t\t\t\"accountList\": [\n\t\t\t\t\t\t\t\t\t{\n\t\t\t\t\t\t\t\t\t\t\"accountName\": \"Charlie\",\n\t\t\t\t\t\t\t\t\t\t\"accountNum\": \"1000838\",\n\t\t\t\t\t\t\t\t\t\t\"bankNum\": \"043000096\"\n\t\t\t\t\t\t\t\t\t},\n\t\t\t\t\t\t\t\t\t{\n\t\t\t\t\t\t\t\t\t\t\"accountName\": null,\n\t\t\t\t\t\t\t\t\t\t\"accountNum\": \"1001146364\",\n\t\t\t\t\t\t\t\t\t\t\"bankNum\": \"043000096\"\n\t\t\t\t\t\t\t\t\t},\n\t\t\t\t\t\t\t\t\t{\n\t\t\t\t\t\t\t\t\t\t\"accountName\": null,\n\t\t\t\t\t\t\t\t\t\t\"accountNum\": \"1011111111\",\n\t\t\t\t\t\t\t\t\t\t\"bankNum\": \"043000096\"\n\t\t\t\t\t\t\t\t\t},\n\t\t\t\t\t\t\t\t\t{\n\t\t\t\t\t\t\t\t\t\t\"accountName\": null,\n\t\t\t\t\t\t\t\t\t\t\"accountNum\": \"529\",\n\t\t\t\t\t\t\t\t\t\t\"bankNum\": \"043000096\"\n\t\t\t\t\t\t\t\t\t},\n\t\t\t\t\t\t\t\t\t{\n\t\t\t\t\t\t\t\t\t\t\"accountName\": null,\n\t\t\t\t\t\t\t\t\t\t\"accountNum\": \"925\",\n\t\t\t\t\t\t\t\t\t\t\"bankNum\": \"043000096\"\n\t\t\t\t\t\t\t\t\t},\n\t\t\t\t\t\t\t\t\t{\n\t\t\t\t\t\t\t\t\t\t\"accountName\": null,\n\t\t\t\t\t\t\t\t\t\t\"accountNum\": \"1001342322\",\n\t\t\t\t\t\t\t\t\t\t\"bankNum\": \"043000096\"\n\t\t\t\t\t\t\t\t\t},\n\t\t\t\t\t\t\t\t\t{\n\t\t\t\t\t\t\t\t\t\t\"accountName\": null,\n\t\t\t\t\t\t\t\t\t\t\"accountNum\": \"1001742801\",\n\t\t\t\t\t\t\t\t\t\t\"bankNum\": \"043000096\"\n\t\t\t\t\t\t\t\t\t}\n\t\t\t\t\t\t\t\t],\n\t\t\t\t\t\t\t\t\"reportTypeList\": []\n\t\t\t\t\t\t\t},\n\t\t\t\t\t\t\t\"subscriptionOtherOptions\": {\n\t\t\t\t\t\t\t\t\"optionDetails\": []\n\t\t\t\t\t\t\t},\n\t\t\t\t\t\t\t\"numericConditions\": [],\n\t\t\t\t\t\t\t\"nonNumericConditions\": [],\n\t\t\t\t\t\t\t\"deliveryFrequencyDetails\": {\n\t\t\t\t\t\t\t\t\"isSendAsAvailable\": \"Y\",\n\t\t\t\t\t\t\t\t\"atWhen\": null,\n\t\t\t\t\t\t\t\t\"everyNHours\": null,\n\t\t\t\t\t\t\t\t\"reminder\": null\n\t\t\t\t\t\t\t},\n\t\t\t\t\t\t\t\"createdBy\": \"admin1\",\n\t\t\t\t\t\t\t\"createdDT\": \"2019-10-11T15:55:25.643-04:00\",\n\t\t\t\t\t\t\t\"modifiedBy\": \"admin1\",\n\t\t\t\t\t\t\t\"modifiedDT\": \"2019-10-11T15:55:25.643-04:00\"\n\t\t\t\t\t\t}\n\t\t\t\t\t]\n\t\t\t\t}\n\t\t\t]\n\t\t},\n\t\t{\n\t\t\t\"serviceNum\": \"799\",\n\t\t\t\"subscriptionTypeDetails\": [\n\t\t\t\t{\n\t\t\t\t\t\"subscriptionTypeDisplayTag\": \"Payment Status\",\n\t\t\t\t\t\"eventType\": \"EventCXPaymentStatusChanged\",\n\t\t\t\t\t\"alertType\": \"AlertCXPaymentStatus\",\n\t\t\t\t\t\"subscriptionList\": [\n\t\t\t\t\t\t{\n\t\t\t\t\t\t\t\"subscriptionName\": \"Payment Status\",\n\t\t\t\t\t\t\t\"channelPreferences\": {\n\t\t\t\t\t\t\t\t\"primaryEmailChannel\": {\n\t\t\t\t\t\t\t\t\t\"isChecked\": \"N\",\n\t\t\t\t\t\t\t\t\t\"primaryEmail\": \"manikandan.balachandran@pnc.com\",\n\t\t\t\t\t\t\t\t\t\"hasAttachment\": \"N\"\n\t\t\t\t\t\t\t\t},\n\t\t\t\t\t\t\t\t\"smsChannel\": {\n\t\t\t\t\t\t\t\t\t\"isChecked\": \"N\",\n\t\t\t\t\t\t\t\t\t\"phoneNumber\": \"15109901639\"\n\t\t\t\t\t\t\t\t},\n\t\t\t\t\t\t\t\t\"messageCenterChannel\": {\n\t\t\t\t\t\t\t\t\t\"isChecked\": \"Y\"\n\t\t\t\t\t\t\t\t}\n\t\t\t\t\t\t\t},\n\t\t\t\t\t\t\t\"subscriptionBusinessOptions\": {\n\t\t\t\t\t\t\t\t\"accountList\": [\n\t\t\t\t\t\t\t\t\t{\n\t\t\t\t\t\t\t\t\t\t\"accountName\": \"Charlie\",\n\t\t\t\t\t\t\t\t\t\t\"accountNum\": \"1000838\",\n\t\t\t\t\t\t\t\t\t\t\"bankNum\": \"043000096\"\n\t\t\t\t\t\t\t\t\t},\n\t\t\t\t\t\t\t\t\t{\n\t\t\t\t\t\t\t\t\t\t\"accountName\": null,\n\t\t\t\t\t\t\t\t\t\t\"accountNum\": \"1001146364\",\n\t\t\t\t\t\t\t\t\t\t\"bankNum\": \"043000096\"\n\t\t\t\t\t\t\t\t\t},\n\t\t\t\t\t\t\t\t\t{\n\t\t\t\t\t\t\t\t\t\t\"accountName\": null,\n\t\t\t\t\t\t\t\t\t\t\"accountNum\": \"1011111111\",\n\t\t\t\t\t\t\t\t\t\t\"bankNum\": \"043000096\"\n\t\t\t\t\t\t\t\t\t},\n\t\t\t\t\t\t\t\t\t{\n\t\t\t\t\t\t\t\t\t\t\"accountName\": null,\n\t\t\t\t\t\t\t\t\t\t\"accountNum\": \"529\",\n\t\t\t\t\t\t\t\t\t\t\"bankNum\": \"043000096\"\n\t\t\t\t\t\t\t\t\t},\n\t\t\t\t\t\t\t\t\t{\n\t\t\t\t\t\t\t\t\t\t\"accountName\": null,\n\t\t\t\t\t\t\t\t\t\t\"accountNum\": \"925\",\n\t\t\t\t\t\t\t\t\t\t\"bankNum\": \"043000096\"\n\t\t\t\t\t\t\t\t\t},\n\t\t\t\t\t\t\t\t\t{\n\t\t\t\t\t\t\t\t\t\t\"accountName\": null,\n\t\t\t\t\t\t\t\t\t\t\"accountNum\": \"1001342322\",\n\t\t\t\t\t\t\t\t\t\t\"bankNum\": \"043000096\"\n\t\t\t\t\t\t\t\t\t},\n\t\t\t\t\t\t\t\t\t{\n\t\t\t\t\t\t\t\t\t\t\"accountName\": null,\n\t\t\t\t\t\t\t\t\t\t\"accountNum\": \"1001742801\",\n\t\t\t\t\t\t\t\t\t\t\"bankNum\": \"043000096\"\n\t\t\t\t\t\t\t\t\t}\n\t\t\t\t\t\t\t\t],\n\t\t\t\t\t\t\t\t\"reportTypeList\": []\n\t\t\t\t\t\t\t},\n\t\t\t\t\t\t\t\"subscriptionOtherOptions\": {\n\t\t\t\t\t\t\t\t\"optionDetails\": [\n\t\t\t\t\t\t\t\t\t{\n\t\t\t\t\t\t\t\t\t\t\"optionKey\": \"wireStatuses\",\n\t\t\t\t\t\t\t\t\t\t\"optionValue\": [\n\t\t\t\t\t\t\t\t\t\t\t\"CONFIRMED\",\n\t\t\t\t\t\t\t\t\t\t\t\"DELIVERED\",\n\t\t\t\t\t\t\t\t\t\t\t\"DELETED\",\n\t\t\t\t\t\t\t\t\t\t\t\"CANCELLED\",\n\t\t\t\t\t\t\t\t\t\t\t\"REJECTED\",\n\t\t\t\t\t\t\t\t\t\t\t\"STALE_DATED\"\n\t\t\t\t\t\t\t\t\t\t]\n\t\t\t\t\t\t\t\t\t}\n\t\t\t\t\t\t\t\t]\n\t\t\t\t\t\t\t},\n\t\t\t\t\t\t\t\"numericConditions\": [\n\t\t\t\t\t\t\t\t{\n\t\t\t\t\t\t\t\t\t\"businessKeyName\": \"transactionAmount\",\n\t\t\t\t\t\t\t\t\t\"numericCondition\": \"GT_EQ\",\n\t\t\t\t\t\t\t\t\t\"numericValue\": \"10.00\"\n\t\t\t\t\t\t\t\t}\n\t\t\t\t\t\t\t],\n\t\t\t\t\t\t\t\"nonNumericConditions\": [],\n\t\t\t\t\t\t\t\"deliveryFrequencyDetails\": {\n\t\t\t\t\t\t\t\t\"isSendAsAvailable\": \"Y\",\n\t\t\t\t\t\t\t\t\"atWhen\": null,\n\t\t\t\t\t\t\t\t\"everyNHours\": null,\n\t\t\t\t\t\t\t\t\"reminder\": null\n\t\t\t\t\t\t\t},\n\t\t\t\t\t\t\t\"createdBy\": \"admin1\",\n\t\t\t\t\t\t\t\"createdDT\": \"2019-10-11T15:55:25.643-04:00\",\n\t\t\t\t\t\t\t\"modifiedBy\": \"admin1\",\n\t\t\t\t\t\t\t\"modifiedDT\": \"2019-10-11T15:55:25.643-04:00\"\n\t\t\t\t\t\t}\n\t\t\t\t\t]\n\t\t\t\t}\n\t\t\t]\n\t\t},\n\t\t{\n\t\t\t\"serviceNum\": \"799\",\n\t\t\t\"subscriptionTypeDetails\": [\n\t\t\t\t{\n\t\t\t\t\t\"subscriptionTypeDisplayTag\": \"Template Pending Approval\",\n\t\t\t\t\t\"eventType\": \"EventCXTransferTemplateStateChange\",\n\t\t\t\t\t\"alertType\": \"AlertCXTransferTemplatePendingApprv\",\n\t\t\t\t\t\"subscriptionList\": [\n\t\t\t\t\t\t{\n\t\t\t\t\t\t\t\"subscriptionName\": \"Payment Pending Approval\",\n\t\t\t\t\t\t\t\"channelPreferences\": {\n\t\t\t\t\t\t\t\t\"primaryEmailChannel\": {\n\t\t\t\t\t\t\t\t\t\"isChecked\": \"N\",\n\t\t\t\t\t\t\t\t\t\"primaryEmail\": \"manikandan.balachandran@pnc.com\",\n\t\t\t\t\t\t\t\t\t\"hasAttachment\": \"N\"\n\t\t\t\t\t\t\t\t},\n\t\t\t\t\t\t\t\t\"smsChannel\": {\n\t\t\t\t\t\t\t\t\t\"isChecked\": \"N\",\n\t\t\t\t\t\t\t\t\t\"phoneNumber\": \"15109901639\"\n\t\t\t\t\t\t\t\t},\n\t\t\t\t\t\t\t\t\"messageCenterChannel\": {\n\t\t\t\t\t\t\t\t\t\"isChecked\": \"Y\"\n\t\t\t\t\t\t\t\t}\n\t\t\t\t\t\t\t},\n\t\t\t\t\t\t\t\"subscriptionBusinessOptions\": {\n\t\t\t\t\t\t\t\t\"accountList\": [\n\t\t\t\t\t\t\t\t\t{\n\t\t\t\t\t\t\t\t\t\t\"accountName\": \"Charlie\",\n\t\t\t\t\t\t\t\t\t\t\"accountNum\": \"1000838\",\n\t\t\t\t\t\t\t\t\t\t\"bankNum\": \"043000096\"\n\t\t\t\t\t\t\t\t\t}\n\t\t\t\t\t\t\t\t],\n\t\t\t\t\t\t\t\t\"reportTypeList\": []\n\t\t\t\t\t\t\t},\n\t\t\t\t\t\t\t\"subscriptionOtherOptions\": {\n\t\t\t\t\t\t\t\t\"optionDetails\": []\n\t\t\t\t\t\t\t},\n\t\t\t\t\t\t\t\"numericConditions\": [],\n\t\t\t\t\t\t\t\"nonNumericConditions\": [\n\t\t\t\t\t\t\t\t{\n\t\t\t\t\t\t\t\t\t\"businessKeyName\": \"templateStatus\",\n\t\t\t\t\t\t\t\t\t\"nonNumericCondition\": \"NE\",\n\t\t\t\t\t\t\t\t\t\"nonNumericValue\": \"Null\"\n\t\t\t\t\t\t\t\t}\n\t\t\t\t\t\t\t],\n\t\t\t\t\t\t\t\"deliveryFrequencyDetails\": {\n\t\t\t\t\t\t\t\t\"isSendAsAvailable\": \"Y\",\n\t\t\t\t\t\t\t\t\"atWhen\": null,\n\t\t\t\t\t\t\t\t\"everyNHours\": null,\n\t\t\t\t\t\t\t\t\"reminder\": null\n\t\t\t\t\t\t\t},\n\t\t\t\t\t\t\t\"createdBy\": \"admin1\",\n\t\t\t\t\t\t\t\"createdDT\": \"2019-10-11T15:55:25.643-04:00\",\n\t\t\t\t\t\t\t\"modifiedBy\": \"admin1\",\n\t\t\t\t\t\t\t\"modifiedDT\": \"2019-10-11T15:55:25.643-04:00\"\n\t\t\t\t\t\t},\n\t\t\t\t\t\t{\n\t\t\t\t\t\t\t\"subscriptionName\": \"Payment Pending Approval\",\n\t\t\t\t\t\t\t\"channelPreferences\": {\n\t\t\t\t\t\t\t\t\"primaryEmailChannel\": {\n\t\t\t\t\t\t\t\t\t\"isChecked\": \"N\",\n\t\t\t\t\t\t\t\t\t\"primaryEmail\": \"manikandan.balachandran@pnc.com\",\n\t\t\t\t\t\t\t\t\t\"hasAttachment\": \"N\"\n\t\t\t\t\t\t\t\t},\n\t\t\t\t\t\t\t\t\"smsChannel\": {\n\t\t\t\t\t\t\t\t\t\"isChecked\": \"N\",\n\t\t\t\t\t\t\t\t\t\"phoneNumber\": \"15109901639\"\n\t\t\t\t\t\t\t\t},\n\t\t\t\t\t\t\t\t\"messageCenterChannel\": {\n\t\t\t\t\t\t\t\t\t\"isChecked\": \"Y\"\n\t\t\t\t\t\t\t\t}\n\t\t\t\t\t\t\t},\n\t\t\t\t\t\t\t\"subscriptionBusinessOptions\": {\n\t\t\t\t\t\t\t\t\"accountList\": [\n\t\t\t\t\t\t\t\t\t{\n\t\t\t\t\t\t\t\t\t\t\"accountName\": null,\n\t\t\t\t\t\t\t\t\t\t\"accountNum\": \"1001146364\",\n\t\t\t\t\t\t\t\t\t\t\"bankNum\": \"043000096\"\n\t\t\t\t\t\t\t\t\t}\n\t\t\t\t\t\t\t\t],\n\t\t\t\t\t\t\t\t\"reportTypeList\": []\n\t\t\t\t\t\t\t},\n\t\t\t\t\t\t\t\"subscriptionOtherOptions\": {\n\t\t\t\t\t\t\t\t\"optionDetails\": []\n\t\t\t\t\t\t\t},\n\t\t\t\t\t\t\t\"numericConditions\": [],\n\t\t\t\t\t\t\t\"nonNumericConditions\": [\n\t\t\t\t\t\t\t\t{\n\t\t\t\t\t\t\t\t\t\"businessKeyName\": \"templateStatus\",\n\t\t\t\t\t\t\t\t\t\"nonNumericCondition\": \"NE\",\n\t\t\t\t\t\t\t\t\t\"nonNumericValue\": \"Null\"\n\t\t\t\t\t\t\t\t}\n\t\t\t\t\t\t\t],\n\t\t\t\t\t\t\t\"deliveryFrequencyDetails\": {\n\t\t\t\t\t\t\t\t\"isSendAsAvailable\": \"Y\",\n\t\t\t\t\t\t\t\t\"atWhen\": null,\n\t\t\t\t\t\t\t\t\"everyNHours\": null,\n\t\t\t\t\t\t\t\t\"reminder\": null\n\t\t\t\t\t\t\t},\n\t\t\t\t\t\t\t\"createdBy\": \"admin1\",\n\t\t\t\t\t\t\t\"createdDT\": \"2019-10-11T15:55:25.643-04:00\",\n\t\t\t\t\t\t\t\"modifiedBy\": \"admin1\",\n\t\t\t\t\t\t\t\"modifiedDT\": \"2019-10-11T15:55:25.643-04:00\"\n\t\t\t\t\t\t},\n\t\t\t\t\t\t{\n\t\t\t\t\t\t\t\"subscriptionName\": \"Payment Pending Approval\",\n\t\t\t\t\t\t\t\"channelPreferences\": {\n\t\t\t\t\t\t\t\t\"primaryEmailChannel\": {\n\t\t\t\t\t\t\t\t\t\"isChecked\": \"N\",\n\t\t\t\t\t\t\t\t\t\"primaryEmail\": \"manikandan.balachandran@pnc.com\",\n\t\t\t\t\t\t\t\t\t\"hasAttachment\": \"N\"\n\t\t\t\t\t\t\t\t},\n\t\t\t\t\t\t\t\t\"smsChannel\": {\n\t\t\t\t\t\t\t\t\t\"isChecked\": \"N\",\n\t\t\t\t\t\t\t\t\t\"phoneNumber\": \"15109901639\"\n\t\t\t\t\t\t\t\t},\n\t\t\t\t\t\t\t\t\"messageCenterChannel\": {\n\t\t\t\t\t\t\t\t\t\"isChecked\": \"Y\"\n\t\t\t\t\t\t\t\t}\n\t\t\t\t\t\t\t},\n\t\t\t\t\t\t\t\"subscriptionBusinessOptions\": {\n\t\t\t\t\t\t\t\t\"accountList\": [\n\t\t\t\t\t\t\t\t\t{\n\t\t\t\t\t\t\t\t\t\t\"accountName\": null,\n\t\t\t\t\t\t\t\t\t\t\"accountNum\": \"1011111111\",\n\t\t\t\t\t\t\t\t\t\t\"bankNum\": \"043000096\"\n\t\t\t\t\t\t\t\t\t}\n\t\t\t\t\t\t\t\t],\n\t\t\t\t\t\t\t\t\"reportTypeList\": []\n\t\t\t\t\t\t\t},\n\t\t\t\t\t\t\t\"subscriptionOtherOptions\": {\n\t\t\t\t\t\t\t\t\"optionDetails\": []\n\t\t\t\t\t\t\t},\n\t\t\t\t\t\t\t\"numericConditions\": [],\n\t\t\t\t\t\t\t\"nonNumericConditions\": [\n\t\t\t\t\t\t\t\t{\n\t\t\t\t\t\t\t\t\t\"businessKeyName\": \"templateStatus\",\n\t\t\t\t\t\t\t\t\t\"nonNumericCondition\": \"NE\",\n\t\t\t\t\t\t\t\t\t\"nonNumericValue\": \"Null\"\n\t\t\t\t\t\t\t\t}\n\t\t\t\t\t\t\t],\n\t\t\t\t\t\t\t\"deliveryFrequencyDetails\": {\n\t\t\t\t\t\t\t\t\"isSendAsAvailable\": \"Y\",\n\t\t\t\t\t\t\t\t\"atWhen\": null,\n\t\t\t\t\t\t\t\t\"everyNHours\": null,\n\t\t\t\t\t\t\t\t\"reminder\": null\n\t\t\t\t\t\t\t},\n\t\t\t\t\t\t\t\"createdBy\": \"admin1\",\n\t\t\t\t\t\t\t\"createdDT\": \"2019-10-11T15:55:25.643-04:00\",\n\t\t\t\t\t\t\t\"modifiedBy\": \"admin1\",\n\t\t\t\t\t\t\t\"modifiedDT\": \"2019-10-11T15:55:25.643-04:00\"\n\t\t\t\t\t\t},\n\t\t\t\t\t\t{\n\t\t\t\t\t\t\t\"subscriptionName\": \"Payment Pending Approval\",\n\t\t\t\t\t\t\t\"channelPreferences\": {\n\t\t\t\t\t\t\t\t\"primaryEmailChannel\": {\n\t\t\t\t\t\t\t\t\t\"isChecked\": \"N\",\n\t\t\t\t\t\t\t\t\t\"primaryEmail\": \"manikandan.balachandran@pnc.com\",\n\t\t\t\t\t\t\t\t\t\"hasAttachment\": \"N\"\n\t\t\t\t\t\t\t\t},\n\t\t\t\t\t\t\t\t\"smsChannel\": {\n\t\t\t\t\t\t\t\t\t\"isChecked\": \"N\",\n\t\t\t\t\t\t\t\t\t\"phoneNumber\": \"15109901639\"\n\t\t\t\t\t\t\t\t},\n\t\t\t\t\t\t\t\t\"messageCenterChannel\": {\n\t\t\t\t\t\t\t\t\t\"isChecked\": \"Y\"\n\t\t\t\t\t\t\t\t}\n\t\t\t\t\t\t\t},\n\t\t\t\t\t\t\t\"subscriptionBusinessOptions\": {\n\t\t\t\t\t\t\t\t\"accountList\": [\n\t\t\t\t\t\t\t\t\t{\n\t\t\t\t\t\t\t\t\t\t\"accountName\": null,\n\t\t\t\t\t\t\t\t\t\t\"accountNum\": \"529\",\n\t\t\t\t\t\t\t\t\t\t\"bankNum\": \"043000096\"\n\t\t\t\t\t\t\t\t\t}\n\t\t\t\t\t\t\t\t],\n\t\t\t\t\t\t\t\t\"reportTypeList\": []\n\t\t\t\t\t\t\t},\n\t\t\t\t\t\t\t\"subscriptionOtherOptions\": {\n\t\t\t\t\t\t\t\t\"optionDetails\": []\n\t\t\t\t\t\t\t},\n\t\t\t\t\t\t\t\"numericConditions\": [],\n\t\t\t\t\t\t\t\"nonNumericConditions\": [\n\t\t\t\t\t\t\t\t{\n\t\t\t\t\t\t\t\t\t\"businessKeyName\": \"templateStatus\",\n\t\t\t\t\t\t\t\t\t\"nonNumericCondition\": \"NE\",\n\t\t\t\t\t\t\t\t\t\"nonNumericValue\": \"Null\"\n\t\t\t\t\t\t\t\t}\n\t\t\t\t\t\t\t],\n\t\t\t\t\t\t\t\"deliveryFrequencyDetails\": {\n\t\t\t\t\t\t\t\t\"isSendAsAvailable\": \"Y\",\n\t\t\t\t\t\t\t\t\"atWhen\": null,\n\t\t\t\t\t\t\t\t\"everyNHours\": null,\n\t\t\t\t\t\t\t\t\"reminder\": null\n\t\t\t\t\t\t\t},\n\t\t\t\t\t\t\t\"createdBy\": \"admin1\",\n\t\t\t\t\t\t\t\"createdDT\": \"2019-10-11T15:55:25.643-04:00\",\n\t\t\t\t\t\t\t\"modifiedBy\": \"admin1\",\n\t\t\t\t\t\t\t\"modifiedDT\": \"2019-10-11T15:55:25.643-04:00\"\n\t\t\t\t\t\t},\n\t\t\t\t\t\t{\n\t\t\t\t\t\t\t\"subscriptionName\": \"Payment Pending Approval\",\n\t\t\t\t\t\t\t\"channelPreferences\": {\n\t\t\t\t\t\t\t\t\"primaryEmailChannel\": {\n\t\t\t\t\t\t\t\t\t\"isChecked\": \"N\",\n\t\t\t\t\t\t\t\t\t\"primaryEmail\": \"manikandan.balachandran@pnc.com\",\n\t\t\t\t\t\t\t\t\t\"hasAttachment\": \"N\"\n\t\t\t\t\t\t\t\t},\n\t\t\t\t\t\t\t\t\"smsChannel\": {\n\t\t\t\t\t\t\t\t\t\"isChecked\": \"N\",\n\t\t\t\t\t\t\t\t\t\"phoneNumber\": \"15109901639\"\n\t\t\t\t\t\t\t\t},\n\t\t\t\t\t\t\t\t\"messageCenterChannel\": {\n\t\t\t\t\t\t\t\t\t\"isChecked\": \"Y\"\n\t\t\t\t\t\t\t\t}\n\t\t\t\t\t\t\t},\n\t\t\t\t\t\t\t\"subscriptionBusinessOptions\": {\n\t\t\t\t\t\t\t\t\"accountList\": [\n\t\t\t\t\t\t\t\t\t{\n\t\t\t\t\t\t\t\t\t\t\"accountName\": null,\n\t\t\t\t\t\t\t\t\t\t\"accountNum\": \"925\",\n\t\t\t\t\t\t\t\t\t\t\"bankNum\": \"043000096\"\n\t\t\t\t\t\t\t\t\t}\n\t\t\t\t\t\t\t\t],\n\t\t\t\t\t\t\t\t\"reportTypeList\": []\n\t\t\t\t\t\t\t},\n\t\t\t\t\t\t\t\"subscriptionOtherOptions\": {\n\t\t\t\t\t\t\t\t\"optionDetails\": []\n\t\t\t\t\t\t\t},\n\t\t\t\t\t\t\t\"numericConditions\": [],\n\t\t\t\t\t\t\t\"nonNumericConditions\": [\n\t\t\t\t\t\t\t\t{\n\t\t\t\t\t\t\t\t\t\"businessKeyName\": \"templateStatus\",\n\t\t\t\t\t\t\t\t\t\"nonNumericCondition\": \"NE\",\n\t\t\t\t\t\t\t\t\t\"nonNumericValue\": \"Null\"\n\t\t\t\t\t\t\t\t}\n\t\t\t\t\t\t\t],\n\t\t\t\t\t\t\t\"deliveryFrequencyDetails\": {\n\t\t\t\t\t\t\t\t\"isSendAsAvailable\": \"Y\",\n\t\t\t\t\t\t\t\t\"atWhen\": null,\n\t\t\t\t\t\t\t\t\"everyNHours\": null,\n\t\t\t\t\t\t\t\t\"reminder\": null\n\t\t\t\t\t\t\t},\n\t\t\t\t\t\t\t\"createdBy\": \"admin1\",\n\t\t\t\t\t\t\t\"createdDT\": \"2019-10-11T15:55:25.643-04:00\",\n\t\t\t\t\t\t\t\"modifiedBy\": \"admin1\",\n\t\t\t\t\t\t\t\"modifiedDT\": \"2019-10-11T15:55:25.643-04:00\"\n\t\t\t\t\t\t},\n\t\t\t\t\t\t{\n\t\t\t\t\t\t\t\"subscriptionName\": \"Payment Pending Approval\",\n\t\t\t\t\t\t\t\"channelPreferences\": {\n\t\t\t\t\t\t\t\t\"primaryEmailChannel\": {\n\t\t\t\t\t\t\t\t\t\"isChecked\": \"N\",\n\t\t\t\t\t\t\t\t\t\"primaryEmail\": \"manikandan.balachandran@pnc.com\",\n\t\t\t\t\t\t\t\t\t\"hasAttachment\": \"N\"\n\t\t\t\t\t\t\t\t},\n\t\t\t\t\t\t\t\t\"smsChannel\": {\n\t\t\t\t\t\t\t\t\t\"isChecked\": \"N\",\n\t\t\t\t\t\t\t\t\t\"phoneNumber\": \"15109901639\"\n\t\t\t\t\t\t\t\t},\n\t\t\t\t\t\t\t\t\"messageCenterChannel\": {\n\t\t\t\t\t\t\t\t\t\"isChecked\": \"Y\"\n\t\t\t\t\t\t\t\t}\n\t\t\t\t\t\t\t},\n\t\t\t\t\t\t\t\"subscriptionBusinessOptions\": {\n\t\t\t\t\t\t\t\t\"accountList\": [\n\t\t\t\t\t\t\t\t\t{\n\t\t\t\t\t\t\t\t\t\t\"accountName\": null,\n\t\t\t\t\t\t\t\t\t\t\"accountNum\": \"1001342322\",\n\t\t\t\t\t\t\t\t\t\t\"bankNum\": \"043000096\"\n\t\t\t\t\t\t\t\t\t}\n\t\t\t\t\t\t\t\t],\n\t\t\t\t\t\t\t\t\"reportTypeList\": []\n\t\t\t\t\t\t\t},\n\t\t\t\t\t\t\t\"subscriptionOtherOptions\": {\n\t\t\t\t\t\t\t\t\"optionDetails\": []\n\t\t\t\t\t\t\t},\n\t\t\t\t\t\t\t\"numericConditions\": [],\n\t\t\t\t\t\t\t\"nonNumericConditions\": [\n\t\t\t\t\t\t\t\t{\n\t\t\t\t\t\t\t\t\t\"businessKeyName\": \"templateStatus\",\n\t\t\t\t\t\t\t\t\t\"nonNumericCondition\": \"NE\",\n\t\t\t\t\t\t\t\t\t\"nonNumericValue\": \"Null\"\n\t\t\t\t\t\t\t\t}\n\t\t\t\t\t\t\t],\n\t\t\t\t\t\t\t\"deliveryFrequencyDetails\": {\n\t\t\t\t\t\t\t\t\"isSendAsAvailable\": \"Y\",\n\t\t\t\t\t\t\t\t\"atWhen\": null,\n\t\t\t\t\t\t\t\t\"everyNHours\": null,\n\t\t\t\t\t\t\t\t\"reminder\": null\n\t\t\t\t\t\t\t},\n\t\t\t\t\t\t\t\"createdBy\": \"admin1\",\n\t\t\t\t\t\t\t\"createdDT\": \"2019-10-11T15:55:25.643-04:00\",\n\t\t\t\t\t\t\t\"modifiedBy\": \"admin1\",\n\t\t\t\t\t\t\t\"modifiedDT\": \"2019-10-11T15:55:25.643-04:00\"\n\t\t\t\t\t\t},\n\t\t\t\t\t\t{\n\t\t\t\t\t\t\t\"subscriptionName\": \"Payment Pending Approval\",\n\t\t\t\t\t\t\t\"channelPreferences\": {\n\t\t\t\t\t\t\t\t\"primaryEmailChannel\": {\n\t\t\t\t\t\t\t\t\t\"isChecked\": \"N\",\n\t\t\t\t\t\t\t\t\t\"primaryEmail\": \"manikandan.balachandran@pnc.com\",\n\t\t\t\t\t\t\t\t\t\"hasAttachment\": \"N\"\n\t\t\t\t\t\t\t\t},\n\t\t\t\t\t\t\t\t\"smsChannel\": {\n\t\t\t\t\t\t\t\t\t\"isChecked\": \"N\",\n\t\t\t\t\t\t\t\t\t\"phoneNumber\": \"15109901639\"\n\t\t\t\t\t\t\t\t},\n\t\t\t\t\t\t\t\t\"messageCenterChannel\": {\n\t\t\t\t\t\t\t\t\t\"isChecked\": \"Y\"\n\t\t\t\t\t\t\t\t}\n\t\t\t\t\t\t\t},\n\t\t\t\t\t\t\t\"subscriptionBusinessOptions\": {\n\t\t\t\t\t\t\t\t\"accountList\": [\n\t\t\t\t\t\t\t\t\t{\n\t\t\t\t\t\t\t\t\t\t\"accountName\": null,\n\t\t\t\t\t\t\t\t\t\t\"accountNum\": \"1001742801\",\n\t\t\t\t\t\t\t\t\t\t\"bankNum\": \"043000096\"\n\t\t\t\t\t\t\t\t\t}\n\t\t\t\t\t\t\t\t],\n\t\t\t\t\t\t\t\t\"reportTypeList\": []\n\t\t\t\t\t\t\t},\n\t\t\t\t\t\t\t\"subscriptionOtherOptions\": {\n\t\t\t\t\t\t\t\t\"optionDetails\": []\n\t\t\t\t\t\t\t},\n\t\t\t\t\t\t\t\"numericConditions\": [],\n\t\t\t\t\t\t\t\"nonNumericConditions\": [\n\t\t\t\t\t\t\t\t{\n\t\t\t\t\t\t\t\t\t\"businessKeyName\": \"templateStatus\",\n\t\t\t\t\t\t\t\t\t\"nonNumericCondition\": \"NE\",\n\t\t\t\t\t\t\t\t\t\"nonNumericValue\": \"Null\"\n\t\t\t\t\t\t\t\t}\n\t\t\t\t\t\t\t],\n\t\t\t\t\t\t\t\"deliveryFrequencyDetails\": {\n\t\t\t\t\t\t\t\t\"isSendAsAvailable\": \"Y\",\n\t\t\t\t\t\t\t\t\"atWhen\": null,\n\t\t\t\t\t\t\t\t\"everyNHours\": null,\n\t\t\t\t\t\t\t\t\"reminder\": null\n\t\t\t\t\t\t\t},\n\t\t\t\t\t\t\t\"createdBy\": \"admin1\",\n\t\t\t\t\t\t\t\"createdDT\": \"2019-10-11T15:55:25.644-04:00\",\n\t\t\t\t\t\t\t\"modifiedBy\": \"admin1\",\n\t\t\t\t\t\t\t\"modifiedDT\": \"2019-10-11T15:55:25.644-04:00\"\n\t\t\t\t\t\t}\n\t\t\t\t\t]\n\t\t\t\t}\n\t\t\t]\n\t\t},\n\t\t{\n\t\t\t\"serviceNum\": \"799\",\n\t\t\t\"subscriptionTypeDetails\": [\n\t\t\t\t{\n\t\t\t\t\t\"subscriptionTypeDisplayTag\": \"Template Rejected for Repair\",\n\t\t\t\t\t\"eventType\": \"EventCXTmplRejectedForRepair\",\n\t\t\t\t\t\"alertType\": \"AlertCXTmplRejectedForRepair\",\n\t\t\t\t\t\"subscriptionList\": [\n\t\t\t\t\t\t{\n\t\t\t\t\t\t\t\"subscriptionName\": \"Template Rejected for Repair\",\n\t\t\t\t\t\t\t\"channelPreferences\": {\n\t\t\t\t\t\t\t\t\"primaryEmailChannel\": {\n\t\t\t\t\t\t\t\t\t\"isChecked\": \"N\",\n\t\t\t\t\t\t\t\t\t\"primaryEmail\": \"manikandan.balachandran@pnc.com\",\n\t\t\t\t\t\t\t\t\t\"hasAttachment\": \"N\"\n\t\t\t\t\t\t\t\t},\n\t\t\t\t\t\t\t\t\"smsChannel\": {\n\t\t\t\t\t\t\t\t\t\"isChecked\": \"N\",\n\t\t\t\t\t\t\t\t\t\"phoneNumber\": \"15109901639\"\n\t\t\t\t\t\t\t\t},\n\t\t\t\t\t\t\t\t\"messageCenterChannel\": {\n\t\t\t\t\t\t\t\t\t\"isChecked\": \"Y\"\n\t\t\t\t\t\t\t\t}\n\t\t\t\t\t\t\t},\n\t\t\t\t\t\t\t\"subscriptionBusinessOptions\": {\n\t\t\t\t\t\t\t\t\"accountList\": [\n\t\t\t\t\t\t\t\t\t{\n\t\t\t\t\t\t\t\t\t\t\"accountName\": \"Charlie\",\n\t\t\t\t\t\t\t\t\t\t\"accountNum\": \"1000838\",\n\t\t\t\t\t\t\t\t\t\t\"bankNum\": \"043000096\"\n\t\t\t\t\t\t\t\t\t},\n\t\t\t\t\t\t\t\t\t{\n\t\t\t\t\t\t\t\t\t\t\"accountName\": null,\n\t\t\t\t\t\t\t\t\t\t\"accountNum\": \"1001146364\",\n\t\t\t\t\t\t\t\t\t\t\"bankNum\": \"043000096\"\n\t\t\t\t\t\t\t\t\t},\n\t\t\t\t\t\t\t\t\t{\n\t\t\t\t\t\t\t\t\t\t\"accountName\": null,\n\t\t\t\t\t\t\t\t\t\t\"accountNum\": \"1011111111\",\n\t\t\t\t\t\t\t\t\t\t\"bankNum\": \"043000096\"\n\t\t\t\t\t\t\t\t\t},\n\t\t\t\t\t\t\t\t\t{\n\t\t\t\t\t\t\t\t\t\t\"accountName\": null,\n\t\t\t\t\t\t\t\t\t\t\"accountNum\": \"529\",\n\t\t\t\t\t\t\t\t\t\t\"bankNum\": \"043000096\"\n\t\t\t\t\t\t\t\t\t},\n\t\t\t\t\t\t\t\t\t{\n\t\t\t\t\t\t\t\t\t\t\"accountName\": null,\n\t\t\t\t\t\t\t\t\t\t\"accountNum\": \"925\",\n\t\t\t\t\t\t\t\t\t\t\"bankNum\": \"043000096\"\n\t\t\t\t\t\t\t\t\t},\n\t\t\t\t\t\t\t\t\t{\n\t\t\t\t\t\t\t\t\t\t\"accountName\": null,\n\t\t\t\t\t\t\t\t\t\t\"accountNum\": \"1001342322\",\n\t\t\t\t\t\t\t\t\t\t\"bankNum\": \"043000096\"\n\t\t\t\t\t\t\t\t\t},\n\t\t\t\t\t\t\t\t\t{\n\t\t\t\t\t\t\t\t\t\t\"accountName\": null,\n\t\t\t\t\t\t\t\t\t\t\"accountNum\": \"1001742801\",\n\t\t\t\t\t\t\t\t\t\t\"bankNum\": \"043000096\"\n\t\t\t\t\t\t\t\t\t}\n\t\t\t\t\t\t\t\t],\n\t\t\t\t\t\t\t\t\"reportTypeList\": []\n\t\t\t\t\t\t\t},\n\t\t\t\t\t\t\t\"subscriptionOtherOptions\": {\n\t\t\t\t\t\t\t\t\"optionDetails\": []\n\t\t\t\t\t\t\t},\n\t\t\t\t\t\t\t\"numericConditions\": [],\n\t\t\t\t\t\t\t\"nonNumericConditions\": [\n\t\t\t\t\t\t\t\t{\n\t\t\t\t\t\t\t\t\t\"businessKeyName\": \"templateStatus\",\n\t\t\t\t\t\t\t\t\t\"nonNumericCondition\": \"NE\",\n\t\t\t\t\t\t\t\t\t\"nonNumericValue\": \"Null\"\n\t\t\t\t\t\t\t\t}\n\t\t\t\t\t\t\t],\n\t\t\t\t\t\t\t\"deliveryFrequencyDetails\": {\n\t\t\t\t\t\t\t\t\"isSendAsAvailable\": \"Y\",\n\t\t\t\t\t\t\t\t\"atWhen\": null,\n\t\t\t\t\t\t\t\t\"everyNHours\": null,\n\t\t\t\t\t\t\t\t\"reminder\": null\n\t\t\t\t\t\t\t},\n\t\t\t\t\t\t\t\"createdBy\": \"admin1\",\n\t\t\t\t\t\t\t\"createdDT\": \"2019-10-11T15:55:25.644-04:00\",\n\t\t\t\t\t\t\t\"modifiedBy\": \"admin1\",\n\t\t\t\t\t\t\t\"modifiedDT\": \"2019-10-11T15:55:25.644-04:00\"\n\t\t\t\t\t\t}\n\t\t\t\t\t]\n\t\t\t\t}\n\t\t\t]\n\t\t}\n\t]\n}"
				},
				"url": {
					"raw": "{{url}}/en/v1/subscriptions/799",
					"host": [
						"{{url}}"
					],
					"path": [
						"en",
						"v1",
						"subscriptions",
						"799"
					]
				}
			},
			"response": []
		}
	]
}