{
	"id": "21083f38-4fb7-48e7-8a02-ebc8dbde3927",
	"name": "PSS API CommEx QA2",
	"values": [
		{
			"key": "url",
			"value": "https://psscc-qa4.pncint.net",
			"enabled": true
		},
		{
			"key": "BasicAuthorization",
			"value": "Basic cG10LXNlcnZpY2VpZDpUVV9Nd1M=",
			"enabled": true
		},
		{
			"key": "EN-AuthKey",
			"value": "Q29tbUV4cEFQSUtleUZvckVOUUE=",
			"enabled": true
		},
		{
			"key": "urlx",
			"value": "https://pmt-iib-qa.pncint.net:7512",
			"enabled": true
		}
	],
	"_postman_variable_scope": "environment",
	"_postman_exported_at": "2020-01-13T01:24:49.936Z",
	"_postman_exported_using": "Postman/7.0.7"
}