{
	"id": "7f3bf7b9-68a2-4a1c-b287-813a60cd172b",
	"name": "PSS API CommEx QA4",
	"values": [
		{
			"key": "url",
			"value": "https://pmt-iib-qa.pncint.net:7509",
			"enabled": true
		},
		{
			"key": "BasicAuthorization",
			"value": "Basic cG10LXNlcnZpY2VpZDpUVV9Nd1M=",
			"enabled": true
		},
		{
			"key": "EN-AuthKey",
			"value": "Q29tbUV4cEFQSUtleUZvckVOUUE=",
			"enabled": true
		}
	],
	"_postman_variable_scope": "environment",
	"_postman_exported_at": "2020-01-13T01:24:56.326Z",
	"_postman_exported_using": "Postman/7.0.7"
}