{
	"info": {
		"_postman_id": "965d3ff8-6aad-4d20-a605-3ffde5ae0daf",
		"name": "PWI",
		"schema": "https://schema.getpostman.com/json/collection/v2.1.0/collection.json"
	},
	"item": [
		{
			"name": "RnD Search",
			"request": {
				"auth": {
					"type": "basic",
					"basic": [
						{
							"key": "password",
							"value": "image_123",
							"type": "string"
						},
						{
							"key": "username",
							"value": "image_user",
							"type": "string"
						}
					]
				},
				"method": "GET",
				"header": [],
				"body": {
					"mode": "raw",
					"raw": ""
				},
				"url": {
					"raw": "http://pwi-image-rnd.pncint.net/image-es/api/debitcheck/v1/search?accountNumber=1017300910&commonCompanyId=1&commonOperatorId=1&debitCredit=Credit&paginatorFrom=0&paginatorSize=0&postingDateMax=2012-01-11&postingDateMin=2012-01-01&requestCheck=PCR&responseType=CPC12&sort1Direction=ASC&sort1Name=POSTING_DATE&sort2Direction=ASC&sort2Name=POSTING_DATE&amountMin=11110&amountMax=11111",
					"protocol": "http",
					"host": [
						"pwi-image-rnd",
						"pncint",
						"net"
					],
					"path": [
						"image-es",
						"api",
						"debitcheck",
						"v1",
						"search"
					],
					"query": [
						{
							"key": "accountNumber",
							"value": "1017300910"
						},
						{
							"key": "commonCompanyId",
							"value": "1"
						},
						{
							"key": "commonOperatorId",
							"value": "1"
						},
						{
							"key": "debitCredit",
							"value": "Credit"
						},
						{
							"key": "paginatorFrom",
							"value": "0"
						},
						{
							"key": "paginatorSize",
							"value": "0"
						},
						{
							"key": "postingDateMax",
							"value": "2012-01-11"
						},
						{
							"key": "postingDateMin",
							"value": "2012-01-01"
						},
						{
							"key": "requestCheck",
							"value": "PCR"
						},
						{
							"key": "responseType",
							"value": "CPC12"
						},
						{
							"key": "sort1Direction",
							"value": "ASC"
						},
						{
							"key": "sort1Name",
							"value": "POSTING_DATE"
						},
						{
							"key": "sort2Direction",
							"value": "ASC"
						},
						{
							"key": "sort2Name",
							"value": "POSTING_DATE"
						},
						{
							"key": "amountMin",
							"value": "11110"
						},
						{
							"key": "amountMax",
							"value": "11111"
						}
					]
				}
			},
			"response": []
		},
		{
			"name": "RnD Search LOCAL",
			"request": {
				"auth": {
					"type": "basic",
					"basic": [
						{
							"key": "password",
							"value": "image_123",
							"type": "string"
						},
						{
							"key": "username",
							"value": "image_user",
							"type": "string"
						}
					]
				},
				"method": "GET",
				"header": [],
				"body": {
					"mode": "raw",
					"raw": ""
				},
				"url": {
					"raw": "http://localhost:8081/api/debitcheck/v1/search?accountNumber=1017300910&commonCompanyId=1&commonOperatorId=1&debitCredit=Credit&paginatorFrom=0&paginatorSize=0&postingDateMax=2012-01-11&postingDateMin=2012-01-01&requestCheck=PCR&responseType=CPC12&sort1Direction=ASC&sort1Name=POSTING_DATE&sort2Direction=ASC&sort2Name=POSTING_DATE&amountMin=11110&amountMax=11111",
					"protocol": "http",
					"host": [
						"localhost"
					],
					"port": "8081",
					"path": [
						"api",
						"debitcheck",
						"v1",
						"search"
					],
					"query": [
						{
							"key": "accountNumber",
							"value": "1017300910"
						},
						{
							"key": "commonCompanyId",
							"value": "1"
						},
						{
							"key": "commonOperatorId",
							"value": "1"
						},
						{
							"key": "debitCredit",
							"value": "Credit"
						},
						{
							"key": "paginatorFrom",
							"value": "0"
						},
						{
							"key": "paginatorSize",
							"value": "0"
						},
						{
							"key": "postingDateMax",
							"value": "2012-01-11"
						},
						{
							"key": "postingDateMin",
							"value": "2012-01-01"
						},
						{
							"key": "requestCheck",
							"value": "PCR"
						},
						{
							"key": "responseType",
							"value": "CPC12"
						},
						{
							"key": "sort1Direction",
							"value": "ASC"
						},
						{
							"key": "sort1Name",
							"value": "POSTING_DATE"
						},
						{
							"key": "sort2Direction",
							"value": "ASC"
						},
						{
							"key": "sort2Name",
							"value": "POSTING_DATE"
						},
						{
							"key": "amountMin",
							"value": "11110"
						},
						{
							"key": "amountMax",
							"value": "11111"
						}
					]
				}
			},
			"response": []
		}
	]
}