{
	"info": {
		"_postman_id": "18a5d5ea-59c4-4fe0-907d-c91b8fae9110",
		"name": "Rfresh",
		"schema": "https://schema.getpostman.com/json/collection/v2.1.0/collection.json"
	},
	"item": [
		{
			"name": "LOgin",
			"request": {
				"method": "GET",
				"header": [],
				"body": {
					"mode": "raw",
					"raw": ""
				},
				"url": {
					"raw": "https://lpwx292a.qa.pncint.net:5500/ux/services/user/login?companyId=pitts4&operatorId=admin1",
					"protocol": "https",
					"host": [
						"lpwx292a",
						"qa",
						"pncint",
						"net"
					],
					"port": "5500",
					"path": [
						"ux",
						"services",
						"user",
						"login"
					],
					"query": [
						{
							"key": "companyId",
							"value": "pitts4"
						},
						{
							"key": "operatorId",
							"value": "admin1"
						}
					]
				}
			},
			"response": []
		},
		{
			"name": "https://lpwx289a.qa.pncint.net:5500/ux/services/refreshproperties",
			"request": {
				"method": "GET",
				"header": [],
				"body": {
					"mode": "raw",
					"raw": ""
				},
				"url": {
					"raw": "https://lpwx292a.qa.pncint.net:5500/ux/services/refreshproperties",
					"protocol": "https",
					"host": [
						"lpwx292a",
						"qa",
						"pncint",
						"net"
					],
					"port": "5500",
					"path": [
						"ux",
						"services",
						"refreshproperties"
					]
				}
			},
			"response": []
		}
	]
}