{
	"info": {
		"_postman_id": "2ff9bd2d-8400-4474-85de-ba1e9413d7ce",
		"name": "Split IO",
		"schema": "https://schema.getpostman.com/json/collection/v2.1.0/collection.json"
	},
	"item": [
		{
			"name": "Retrieves the workspaces for an organization",
			"request": {
				"auth": {
					"type": "bearer",
					"bearer": [
						{
							"key": "token",
							"value": "{{ADMIN_API_KEY}}",
							"type": "string"
						}
					]
				},
				"method": "GET",
				"header": [
					{
						"key": "Content-Type",
						"value": "application/json",
						"type": "text"
					}
				],
				"body": {
					"mode": "raw",
					"raw": ""
				},
				"url": {
					"raw": "{{url}}/internal/api/v2/workspaces",
					"host": [
						"{{url}}"
					],
					"path": [
						"internal",
						"api",
						"v2",
						"workspaces"
					]
				}
			},
			"response": []
		},
		{
			"name": "Get a list of environments",
			"request": {
				"auth": {
					"type": "bearer",
					"bearer": [
						{
							"key": "token",
							"value": "{{ADMIN_API_KEY}}",
							"type": "string"
						}
					]
				},
				"method": "GET",
				"header": [
					{
						"key": "Content-Type",
						"type": "text",
						"value": "application/json"
					}
				],
				"body": {
					"mode": "raw",
					"raw": ""
				},
				"url": {
					"raw": "{{url}}/internal/api/v2/environments/ws/dbc8e860-daba-11e9-88e2-12b8d902ee22",
					"host": [
						"{{url}}"
					],
					"path": [
						"internal",
						"api",
						"v2",
						"environments",
						"ws",
						"dbc8e860-daba-11e9-88e2-12b8d902ee22"
					]
				}
			},
			"response": []
		},
		{
			"name": "Get Split",
			"request": {
				"auth": {
					"type": "bearer",
					"bearer": [
						{
							"key": "token",
							"value": "{{ADMIN_API_KEY}}",
							"type": "string"
						}
					]
				},
				"method": "GET",
				"header": [
					{
						"key": "Content-Type",
						"type": "text",
						"value": "application/json"
					}
				],
				"body": {
					"mode": "raw",
					"raw": ""
				},
				"url": {
					"raw": "{{url}}/internal/api/v2/splits/ws/<WORKSPACE_ID>/<SPLIT_NAME>",
					"host": [
						"{{url}}"
					],
					"path": [
						"internal",
						"api",
						"v2",
						"splits",
						"ws",
						"<WORKSPACE_ID>",
						"<SPLIT_NAME>"
					]
				}
			},
			"response": []
		},
		{
			"name": "Create Event",
			"request": {
				"auth": {
					"type": "bearer",
					"bearer": [
						{
							"key": "token",
							"value": "{{SDK_API_KEY}}",
							"type": "string"
						}
					]
				},
				"method": "POST",
				"header": [
					{
						"key": "Content-Type",
						"type": "text",
						"value": "application/json"
					},
					{
						"key": "SplitSDKVersion",
						"value": "java-3.3.1",
						"type": "text"
					},
					{
						"key": "SplitSDKMachineName",
						"value": "Work-Laptop",
						"type": "text"
					},
					{
						"key": "SplitSDKMachineIP",
						"value": "8.8.8.8",
						"type": "text"
					}
				],
				"body": {
					"mode": "raw",
					"raw": "{\n  \"eventTypeId\": \"SIGNATURE_REQUIRED_ON_MODIFY_PAYMENT\", \n  \"environmentName\": \"Staging\",      \n  \"trafficTypeName\": \"user\", \n  \"key\": \"BILLPAY_SIGNATURE_REQUIRED\", \n  \"timestamp\": \"{{$timestamp}}000\",\n  \"properties\":{\"SplitName\": \"BILLPAY_SIGNATURE_REQUIRED\",\"Rule\":\"must\",\"Operation\": \"modifyPayment\"}\n}"
				},
				"url": {
					"raw": "https://events.split.io/api/events",
					"protocol": "https",
					"host": [
						"events",
						"split",
						"io"
					],
					"path": [
						"api",
						"events"
					]
				}
			},
			"response": []
		}
	]
}