{
	"id": "bbc9d2d8-307d-4d55-9323-921b8a3d4ab3",
	"name": "Split IO - Staging-Default",
	"values": [
		{
			"key": "url",
			"value": "https://api.split.io",
			"enabled": true
		},
		{
			"key": "WORKSPACE_ID",
			"value": "dbc8e860-daba-11e9-88e2-12b8d902ee22",
			"enabled": true
		},
		{
			"key": "ADMIN_API_KEY",
			"value": "rg6re8lt2u366rc4duffsvhoh87vaqlrr52e",
			"enabled": true
		},
		{
			"key": "SDK_API_KEY",
			"value": "ecjbg9rle4g2fsmhe28on0pcab98bpd1bejt",
			"enabled": true
		}
	],
	"_postman_variable_scope": "environment",
	"_postman_exported_at": "2020-01-13T01:25:54.651Z",
	"_postman_exported_using": "Postman/7.0.7"
}