{
	"id": "dc184fec-6535-47f7-b1eb-8fdebfef5b62",
	"name": "Statement API QA2  PWOWS",
	"values": [
		{
			"key": "url",
			"value": "https://pwows-qa2.pncint.net",
			"description": "",
			"enabled": true
		},
		{
			"key": "WS_SERVICE_PWOWS_USERNAME",
			"value": "pwo-serviceid",
			"description": "",
			"enabled": true
		},
		{
			"key": "WS_SERVICE_PWOWS_PASSWORD",
			"value": "mQ7T2q",
			"description": "",
			"enabled": true
		},
		{
			"key": "companyId",
			"value": "420111",
			"description": "",
			"enabled": true
		},
		{
			"key": "operatorId",
			"value": "admin1",
			"description": "",
			"enabled": true
		},
		{
			"key": "accountNumber",
			"value": "1001342322",
			"description": "",
			"enabled": true
		},
		{
			"key": "abaNumber",
			"value": "043000096",
			"description": "",
			"enabled": true
		},
		{
			"key": "bankNumber",
			"value": "020",
			"description": "",
			"enabled": true
		},
		{
			"key": "accountType",
			"value": "PN DDA",
			"description": "",
			"enabled": true
		},
		{
			"key": "companyId1",
			"value": "bravo123 ",
			"description": "",
			"enabled": true
		}
	],
	"_postman_variable_scope": "environment",
	"_postman_exported_at": "2020-01-13T01:26:02.907Z",
	"_postman_exported_using": "Postman/7.0.7"
}