{
	"id": "f86bd5cf-4c57-46d4-bd9e-eda8acbe6193",
	"name": "Statement API QA4 PWOWS",
	"values": [
		{
			"key": "urlx",
			"value": "https://pwows-qa4.pncint.net/psv",
			"enabled": true
		},
		{
			"key": "WS_SERVICE_PWOWS_USERNAME",
			"value": "pwo-serviceid",
			"enabled": true
		},
		{
			"key": "WS_SERVICE_PWOWS_PASSWORD",
			"value": "mQ7T2q",
			"enabled": true
		},
		{
			"key": "companyId",
			"value": "4smktst1",
			"enabled": true
		},
		{
			"key": "operatorId",
			"value": "jjsuperuser",
			"enabled": true
		},
		{
			"key": "accountNumber",
			"value": "4116470491",
			"enabled": true
		},
		{
			"key": "abaNumber",
			"value": "041000124",
			"enabled": true
		},
		{
			"key": "bankNumber",
			"value": "070",
			"enabled": true
		},
		{
			"key": "accountType",
			"value": "PNC DDA",
			"enabled": true
		},
		{
			"key": "url",
			"value": "http://localhost:8080",
			"enabled": true
		}
	],
	"_postman_variable_scope": "environment",
	"_postman_exported_at": "2020-01-13T01:26:05.459Z",
	"_postman_exported_using": "Postman/7.0.7"
}