{
	"id": "d957a3ba-30af-43c0-a0a2-3700ba69a86d",
	"name": "Statement API PROD PWOWS",
	"values": [
		{
			"key": "url",
			"value": "https://pwows.pncint.net",
			"enabled": true
		},
		{
			"key": "WS_SERVICE_PWOWS_USERNAME",
			"value": "pwo-serviceid",
			"enabled": true
		},
		{
			"key": "WS_SERVICE_PWOWS_PASSWORD",
			"value": "78HSkm",
			"enabled": true
		},
		{
			"key": "companyId",
			"value": "900cx23",
			"enabled": true
		},
		{
			"key": "operatorId",
			"value": "admin1",
			"enabled": true
		},
		{
			"key": "accountNumber",
			"value": "1099999999",
			"enabled": true
		},
		{
			"key": "abaNumber",
			"value": "043000096",
			"enabled": true
		},
		{
			"key": "bankNumber",
			"value": "001",
			"enabled": true
		},
		{
			"key": "accountType",
			"value": "PNC DDA",
			"enabled": true
		},
		{
			"key": "companyId3",
			"value": "507263",
			"enabled": true
		},
		{
			"key": "companyId2",
			"value": "comex8ba",
			"enabled": true
		},
		{
			"key": "url1",
			"value": "https://ltsc343a.prod.pncint.net:5679",
			"enabled": true
		},
		{
			"key": "others",
			"value": "comex33 900cx23",
			"enabled": true
		}
	],
	"_postman_variable_scope": "environment",
	"_postman_exported_at": "2020-01-13T01:25:59.750Z",
	"_postman_exported_using": "Postman/7.0.7"
}