{
	"info": {
		"_postman_id": "9e313497-0ecd-4cf5-9437-a9113531eb74",
		"name": "Statement API",
		"schema": "https://schema.getpostman.com/json/collection/v2.1.0/collection.json"
	},
	"item": [
		{
			"name": "statements (Top 50)",
			"request": {
				"auth": {
					"type": "basic",
					"basic": [
						{
							"key": "password",
							"value": "{{WS_SERVICE_PWOWS_PASSWORD}}",
							"type": "string"
						},
						{
							"key": "username",
							"value": "{{WS_SERVICE_PWOWS_USERNAME}}",
							"type": "string"
						}
					]
				},
				"method": "POST",
				"header": [
					{
						"key": "Content-Type",
						"name": "Content-Type",
						"value": "application/json",
						"type": "text"
					}
				],
				"body": {
					"mode": "raw",
					"raw": "{\r\n  \"requestId\" : \"{{$guid}}\",\r\n  \"companyId\": \"fiserv1\",\r\n  \"operatorId\": \"{{operatorId}}\",\r\n    \"filters\": [\r\n        {\r\n            \"name\": \"STATEMENT_TYPE\",\r\n            \"values\": [\r\n                \"4\"\r\n            ]\r\n        }\r\n    ],\r\n  \"paginationControl\": {\r\n  \t\"offSet\" : 0,\r\n  \t\"count\": 9999,\r\n  \t\"sortBy\": \"\",\r\n  \t\"sortDirection\": \"\"\r\n  }\r\n}"
				},
				"url": {
					"raw": "{{url}}/psv/services/account/statement/",
					"host": [
						"{{url}}"
					],
					"path": [
						"psv",
						"services",
						"account",
						"statement",
						""
					]
				}
			},
			"response": []
		},
		{
			"name": "IR Account Rest API QA4 IIB",
			"request": {
				"auth": {
					"type": "basic",
					"basic": [
						{
							"key": "password",
							"value": "TU_MwS",
							"type": "string"
						},
						{
							"key": "username",
							"value": "pmt-serviceid",
							"type": "string"
						}
					]
				},
				"method": "POST",
				"header": [
					{
						"key": "Content-Type",
						"name": "Content-Type",
						"type": "text",
						"value": "application/json"
					}
				],
				"body": {
					"mode": "raw",
					"raw": "{\n    \"requestId\": \"{{$guid}}\",\n    \"companyId\": \"4smktst1\",\n    \"operatorId\": \"jjsuperuser\",\n    \"filters\": [\n        {\n            \"name\": \"STATEMENT_TYPE\",\n            \"values\": [\n                \"3\"\n            ]\n        }\n    ],\n    \"paginationControl\": {\n        \"offSet\": 0,\n        \"count\": 9999,\n        \"sortBy\": \"\",\n        \"sortDirection\": \"\"\n    }\n}"
				},
				"url": {
					"raw": "https://pmt-iib-qa.pncint.net:7512/dal/qa4/IRRestWeb/services/statements/edi",
					"protocol": "https",
					"host": [
						"pmt-iib-qa",
						"pncint",
						"net"
					],
					"port": "7512",
					"path": [
						"dal",
						"qa4",
						"IRRestWeb",
						"services",
						"statements",
						"edi"
					]
				}
			},
			"response": []
		},
		{
			"name": "IR Account Rest API QA4 PWOWS",
			"request": {
				"auth": {
					"type": "basic",
					"basic": [
						{
							"key": "password",
							"value": "TU_MwS",
							"type": "string"
						},
						{
							"key": "username",
							"value": "pmt-serviceid",
							"type": "string"
						}
					]
				},
				"method": "POST",
				"header": [
					{
						"key": "Content-Type",
						"name": "Content-Type",
						"type": "text",
						"value": "application/json"
					}
				],
				"body": {
					"mode": "raw",
					"raw": "{\n    \"requestId\": \"{{$guid}}\",\n    \"companyId\": \"4smktst1\",\n    \"operatorId\": \"jjsuperuser\",\n    \"filters\": [\n        {\n            \"name\": \"STATEMENT_TYPE\",\n            \"values\": [\n                \"3\"\n            ]\n        }\n    ],\n    \"paginationControl\": {\n        \"offSet\": 0,\n        \"count\": 9999,\n        \"sortBy\": \"\",\n        \"sortDirection\": \"\"\n    }\n}"
				},
				"url": {
					"raw": "https://pmt-iib-qa.pncint.net:7512/dal/qa4/IRRestWeb/services/statements/edi",
					"protocol": "https",
					"host": [
						"pmt-iib-qa",
						"pncint",
						"net"
					],
					"port": "7512",
					"path": [
						"dal",
						"qa4",
						"IRRestWeb",
						"services",
						"statements",
						"edi"
					]
				}
			},
			"response": []
		},
		{
			"name": "Insert Company Accounts",
			"request": {
				"auth": {
					"type": "basic",
					"basic": [
						{
							"key": "password",
							"value": "{{WS_SERVICE_PWOWS_PASSWORD}}",
							"type": "string"
						},
						{
							"key": "username",
							"value": "{{WS_SERVICE_PWOWS_USERNAME}}",
							"type": "string"
						}
					]
				},
				"method": "POST",
				"header": [
					{
						"key": "Content-Type",
						"name": "Content-Type",
						"value": "application/json",
						"type": "text"
					}
				],
				"body": {
					"mode": "raw",
					"raw": "Prevent Accident Run\r\n{\r\n  \"requestId\": \"{{$guid}}\",\r\n  \"companyId\": \"{{companyId}}\",\r\n  \"operatorId\": \"{{operatorId}}\",\r\n  \"companyAccounts\": [\r\n    {\r\n      \"companyId\": \"{{companyId}}\",\r\n      \"brand\": \"ComEx\",\r\n      \"accountNumber\": \"{{accountNumber}}\",\r\n      \"abaNumber\": \"{{abaNumber}}\",\r\n      \"accountStatus\": \"\",\r\n      \"accountName\": \"\",\r\n      \"accountType\": \"{{accountType}}\",\r\n      \"bankNumber\": \"{{bankNumber}}\",\r\n      \"productName\": \"\"\r\n    }\r\n  ]\r\n}"
				},
				"url": {
					"raw": "{{url}}/psv/services/account/register",
					"host": [
						"{{url}}"
					],
					"path": [
						"psv",
						"services",
						"account",
						"register"
					]
				}
			},
			"response": []
		},
		{
			"name": "Update Account Name",
			"request": {
				"auth": {
					"type": "basic",
					"basic": [
						{
							"key": "password",
							"value": "{{WS_SERVICE_PWOWS_PASSWORD}}",
							"type": "string"
						},
						{
							"key": "username",
							"value": "{{WS_SERVICE_PWOWS_USERNAME}}",
							"type": "string"
						}
					]
				},
				"method": "POST",
				"header": [
					{
						"key": "Content-Type",
						"name": "Content-Type",
						"type": "text",
						"value": "application/json"
					}
				],
				"body": {
					"mode": "raw",
					"raw": "Prevent Accident Run\n{\n  \"requestId\": \"{{$guid}}\",\n  \"companyId\": \"{{companyId}}\",\n  \"operatorId\": \"{{operatorId}}\",\n  \"companyAccounts\": [\n    {\n      \"companyId\": \"{{companyId}}\",\n      \"accountNumber\": \"{{accountNumber}}\",\n      \"abaNumber\": \"{{abaNumber}}\",\n      \"accountName\": \"\"\n    }\n  ]\n}"
				},
				"url": {
					"raw": "{{url}}/psv/services/account/updateaccountname",
					"host": [
						"{{url}}"
					],
					"path": [
						"psv",
						"services",
						"account",
						"updateaccountname"
					]
				}
			},
			"response": []
		},
		{
			"name": "Unregister",
			"request": {
				"auth": {
					"type": "basic",
					"basic": [
						{
							"key": "password",
							"value": "{{WS_SERVICE_PWOWS_PASSWORD}}",
							"type": "string"
						},
						{
							"key": "username",
							"value": "{{WS_SERVICE_PWOWS_USERNAME}}",
							"type": "string"
						}
					]
				},
				"method": "POST",
				"header": [
					{
						"key": "Content-Type",
						"name": "Content-Type",
						"type": "text",
						"value": "application/json"
					}
				],
				"body": {
					"mode": "raw",
					"raw": "Prevent Accident Run\n{\n  \"requestId\": \"{{$guid}}\",\n  \"companyId\": \"{{companyId}}\",\n  \"operatorId\": \"{{operatorId}}\",\n  \"companyAccounts\": [\n    {\n      \"companyId\": \"420111\",\n      \"accountNumber\": \"1001342322\",\n      \"abaNumber\": \"043000096\"\n    }\n  ]\n}\n"
				},
				"url": {
					"raw": "{{url}}/psv/services/account/unregister",
					"host": [
						"{{url}}"
					],
					"path": [
						"psv",
						"services",
						"account",
						"unregister"
					]
				}
			},
			"response": []
		},
		{
			"name": "Get Statement PDF",
			"request": {
				"auth": {
					"type": "basic",
					"basic": [
						{
							"key": "password",
							"value": "{{WS_SERVICE_PWOWS_PASSWORD}}",
							"type": "string"
						},
						{
							"key": "username",
							"value": "{{WS_SERVICE_PWOWS_USERNAME}}",
							"type": "string"
						}
					]
				},
				"method": "POST",
				"header": [
					{
						"key": "Content-Type",
						"name": "Content-Type",
						"type": "text",
						"value": "application/json"
					}
				],
				"body": {
					"mode": "raw",
					"raw": "{\n  \"requestId\": \"{{$guid}}\",\n  \"companyId\": \"{{companyId}}\",\n  \"operatorId\": \"{{operatorId}}\",\n  \"id\" : \"53678\"\n}\n"
				},
				"url": {
					"raw": "{{url}}/services/account/statement/file",
					"host": [
						"{{url}}"
					],
					"path": [
						"services",
						"account",
						"statement",
						"file"
					]
				}
			},
			"response": []
		},
		{
			"name": "GetLogLevel",
			"protocolProfileBehavior": {
				"disableBodyPruning": true
			},
			"request": {
				"auth": {
					"type": "basic",
					"basic": [
						{
							"key": "password",
							"value": "{{WS_SERVICE_PWOWS_PASSWORD}}",
							"type": "string"
						},
						{
							"key": "username",
							"value": "{{WS_SERVICE_PWOWS_USERNAME}}",
							"type": "string"
						}
					]
				},
				"method": "GET",
				"header": [
					{
						"key": "Content-Type",
						"name": "Content-Type",
						"type": "text",
						"value": "application/json"
					}
				],
				"body": {
					"mode": "raw",
					"raw": ""
				},
				"url": {
					"raw": "{{url}}/psv/services/logs/getloglevel/",
					"host": [
						"{{url}}"
					],
					"path": [
						"psv",
						"services",
						"logs",
						"getloglevel",
						""
					]
				}
			},
			"response": []
		},
		{
			"name": "Test DB",
			"protocolProfileBehavior": {
				"disableBodyPruning": true
			},
			"request": {
				"auth": {
					"type": "basic",
					"basic": [
						{
							"key": "password",
							"value": "{{WS_SERVICE_PWOWS_PASSWORD}}",
							"type": "string"
						},
						{
							"key": "username",
							"value": "{{WS_SERVICE_PWOWS_USERNAME}}",
							"type": "string"
						}
					]
				},
				"method": "GET",
				"header": [
					{
						"key": "Content-Type",
						"name": "Content-Type",
						"type": "text",
						"value": "application/json"
					}
				],
				"body": {
					"mode": "raw",
					"raw": ""
				},
				"url": {
					"raw": "{{url}}/psv/services/logs/getloglevel/",
					"host": [
						"{{url}}"
					],
					"path": [
						"psv",
						"services",
						"logs",
						"getloglevel",
						""
					]
				}
			},
			"response": []
		},
		{
			"name": "changeloglevel",
			"request": {
				"auth": {
					"type": "basic",
					"basic": [
						{
							"key": "password",
							"value": "{{WS_SERVICE_PWOWS_PASSWORD}}",
							"type": "string"
						},
						{
							"key": "username",
							"value": "{{WS_SERVICE_PWOWS_USERNAME}}",
							"type": "string"
						}
					]
				},
				"method": "POST",
				"header": [
					{
						"key": "Content-Type",
						"name": "Content-Type",
						"type": "text",
						"value": "application/json"
					}
				],
				"body": {
					"mode": "raw",
					"raw": "Prevent Accident Run\n{\n\t\"packageName\": \"com.pnc.pce.psv.orm.dao.PropertyDAO\",\n\t\"logLevel\": \"ERROR\"\n}"
				},
				"url": {
					"raw": "{{url}}/psv/services/logs/changeloglevel",
					"host": [
						"{{url}}"
					],
					"path": [
						"psv",
						"services",
						"logs",
						"changeloglevel"
					]
				}
			},
			"response": []
		}
	]
}